artifact_version,ensemble_name,member_index,member,feature_space,feature_selection,n_genes,decision_threshold,feature_index,feature_type,feature_id,symbol,tissue_category,scaler_mean,scaler_scale,coef_msi,intercept_msi
1,mmr_expression_practical_ensemble,0,mmr_effect@150,sample_gene_z,mmr_effect,150,0.5,0,sample_gene_z,MLH1,MLH1,,0.2829198306946473,0.34739775037859305,-2.069962077801057,-3.812263821134212
1,mmr_expression_practical_ensemble,0,mmr_effect@150,sample_gene_z,mmr_effect,150,0.5,1,sample_gene_z,EPM2AIP1,EPM2AIP1,,0.33423121097739017,0.42202019409969815,-0.37350511024920113,-3.812263821134212
1,mmr_expression_practical_ensemble,0,mmr_effect@150,sample_gene_z,mmr_effect,150,0.5,2,sample_gene_z,DDX27,DDX27,,0.9924596625317766,0.17463327553258082,-0.4782632339388228,-3.812263821134212
1,mmr_expression_practical_ensemble,0,mmr_effect@150,sample_gene_z,mmr_effect,150,0.5,3,sample_gene_z,C7orf13,C7orf13,,-0.4130107895980778,0.42423315556587426,0.15327108147793575,-3.812263821134212
1,mmr_expression_practical_ensemble,0,mmr_effect@150,sample_gene_z,mmr_effect,150,0.5,4,sample_gene_z,RPL22L1,RPL22L1,,0.7579042087511515,0.47335035775184287,1.2305127659578796,-3.812263821134212
1,mmr_expression_practical_ensemble,0,mmr_effect@150,sample_gene_z,mmr_effect,150,0.5,5,sample_gene_z,C1orf59,C1orf59,,-0.005665981182598372,0.44700537734923795,-0.19082812922636044,-3.812263821134212
1,mmr_expression_practical_ensemble,0,mmr_effect@150,sample_gene_z,mmr_effect,150,0.5,6,sample_gene_z,NHLRC1,NHLRC1,,-0.6665983509560152,0.4091423640522781,-0.07567228121465559,-3.812263821134212
1,mmr_expression_practical_ensemble,0,mmr_effect@150,sample_gene_z,mmr_effect,150,0.5,7,sample_gene_z,SMAP1,SMAP1,,0.6887055222220765,0.1908957111512033,-1.13959660588715,-3.812263821134212
1,mmr_expression_practical_ensemble,0,mmr_effect@150,sample_gene_z,mmr_effect,150,0.5,8,sample_gene_z,C18orf18,C18orf18,,-0.8564822702764058,0.4509844659823882,-0.05620142469728004,-3.812263821134212
1,mmr_expression_practical_ensemble,0,mmr_effect@150,sample_gene_z,mmr_effect,150,0.5,9,sample_gene_z,LINC00667,LINC00667,,0.15899163750923936,0.40972295311363754,0.5076596191966648,-3.812263821134212
1,mmr_expression_practical_ensemble,0,mmr_effect@150,sample_gene_z,mmr_effect,150,0.5,10,sample_gene_z,C20orf112,C20orf112,,0.8391478633430324,0.22667139302156716,0.38108468832383957,-3.812263821134212
1,mmr_expression_practical_ensemble,0,mmr_effect@150,sample_gene_z,mmr_effect,150,0.5,11,sample_gene_z,RNLS,RNLS,,-0.7320375152844587,0.5331588090073992,0.6044911732457214,-3.812263821134212
1,mmr_expression_practical_ensemble,0,mmr_effect@150,sample_gene_z,mmr_effect,150,0.5,12,sample_gene_z,ZSWIM3,ZSWIM3,,-0.23439285378439698,0.19217140153876194,-0.39400062974380656,-3.812263821134212
1,mmr_expression_practical_ensemble,0,mmr_effect@150,sample_gene_z,mmr_effect,150,0.5,13,sample_gene_z,MSH4,MSH4,,-2.12797313720606,0.55502456858509,1.123168958300816,-3.812263821134212
1,mmr_expression_practical_ensemble,0,mmr_effect@150,sample_gene_z,mmr_effect,150,0.5,14,sample_gene_z,C20orf43,C20orf43,,1.1201775205808355,0.10950743041588734,-0.6480577061968912,-3.812263821134212
1,mmr_expression_practical_ensemble,0,mmr_effect@150,sample_gene_z,mmr_effect,150,0.5,15,sample_gene_z,HCG11,HCG11,,-0.04548559765243566,0.3803077064254296,-0.4656597303863813,-3.812263821134212
1,mmr_expression_practical_ensemble,0,mmr_effect@150,sample_gene_z,mmr_effect,150,0.5,16,sample_gene_z,TNNC2,TNNC2,,-1.046356694219201,0.6357428820224261,0.5047393946137319,-3.812263821134212
1,mmr_expression_practical_ensemble,0,mmr_effect@150,sample_gene_z,mmr_effect,150,0.5,17,sample_gene_z,C20orf165,C20orf165,,-1.5369625095817852,0.3302792383038943,-0.032161643910225225,-3.812263821134212
1,mmr_expression_practical_ensemble,0,mmr_effect@150,sample_gene_z,mmr_effect,150,0.5,18,sample_gene_z,SHROOM4,SHROOM4,,0.14797735302269804,0.2993532557576818,-0.039116720027768184,-3.812263821134212
1,mmr_expression_practical_ensemble,0,mmr_effect@150,sample_gene_z,mmr_effect,150,0.5,19,sample_gene_z,C3orf67,C3orf67,,-0.9767362324332358,0.5895047553413011,-0.331165473829089,-3.812263821134212
1,mmr_expression_practical_ensemble,0,mmr_effect@150,sample_gene_z,mmr_effect,150,0.5,20,sample_gene_z,ZNF717,ZNF717,,-1.0007622177622821,0.42043197206932664,-0.2630622371070164,-3.812263821134212
1,mmr_expression_practical_ensemble,0,mmr_effect@150,sample_gene_z,mmr_effect,150,0.5,21,sample_gene_z,SDR42E1,SDR42E1,,-0.5273685289154689,0.6485699280939167,-0.27490674567504675,-3.812263821134212
1,mmr_expression_practical_ensemble,0,mmr_effect@150,sample_gene_z,mmr_effect,150,0.5,22,sample_gene_z,TTC30A,TTC30A,,-0.1714697804085971,0.37594447876884707,-0.19838791493658386,-3.812263821134212
1,mmr_expression_practical_ensemble,0,mmr_effect@150,sample_gene_z,mmr_effect,150,0.5,23,sample_gene_z,POFUT1,POFUT1,,1.1869277108282819,0.20327445447009782,0.34675029697861987,-3.812263821134212
1,mmr_expression_practical_ensemble,0,mmr_effect@150,sample_gene_z,mmr_effect,150,0.5,24,sample_gene_z,PLAGL2,PLAGL2,,0.8859537061129976,0.25963855512946166,0.10029038231344546,-3.812263821134212
1,mmr_expression_practical_ensemble,0,mmr_effect@150,sample_gene_z,mmr_effect,150,0.5,25,sample_gene_z,H2AFJ,H2AFJ,,0.7590083930047676,0.3760812065530544,-0.497625112211479,-3.812263821134212
1,mmr_expression_practical_ensemble,0,mmr_effect@150,sample_gene_z,mmr_effect,150,0.5,26,sample_gene_z,LYG1,LYG1,,-1.4323274702595425,0.6067162479673842,1.0697476275478572,-3.812263821134212
1,mmr_expression_practical_ensemble,0,mmr_effect@150,sample_gene_z,mmr_effect,150,0.5,27,sample_gene_z,GGT7,GGT7,,0.26498238312732403,0.3583548452324782,0.09876246686291373,-3.812263821134212
1,mmr_expression_practical_ensemble,0,mmr_effect@150,sample_gene_z,mmr_effect,150,0.5,28,sample_gene_z,TM9SF4,TM9SF4,,1.2570341204728537,0.14148268078067405,-0.16763839334558836,-3.812263821134212
1,mmr_expression_practical_ensemble,0,mmr_effect@150,sample_gene_z,mmr_effect,150,0.5,29,sample_gene_z,CYB5D1,CYB5D1,,0.24889827488085284,0.3326297368038,0.1441821716894071,-3.812263821134212
1,mmr_expression_practical_ensemble,0,mmr_effect@150,sample_gene_z,mmr_effect,150,0.5,30,sample_gene_z,SPATA2,SPATA2,,0.5476610394783208,0.15693030440800773,-0.21805331428743682,-3.812263821134212
1,mmr_expression_practical_ensemble,0,mmr_effect@150,sample_gene_z,mmr_effect,150,0.5,31,sample_gene_z,ATP9A,ATP9A,,1.2383278056120117,0.25908708217459775,0.041368830169530905,-3.812263821134212
1,mmr_expression_practical_ensemble,0,mmr_effect@150,sample_gene_z,mmr_effect,150,0.5,32,sample_gene_z,SLC19A3,SLC19A3,,-0.7186564989990523,0.8134600245835242,-0.7224369134795172,-3.812263821134212
1,mmr_expression_practical_ensemble,0,mmr_effect@150,sample_gene_z,mmr_effect,150,0.5,33,sample_gene_z,NEURL2,NEURL2,,-0.8512226728326298,0.2754375479907845,0.020464168600326578,-3.812263821134212
1,mmr_expression_practical_ensemble,0,mmr_effect@150,sample_gene_z,mmr_effect,150,0.5,34,sample_gene_z,TLE6,TLE6,,-1.2132197931160396,0.727625739357401,0.4185195248138526,-3.812263821134212
1,mmr_expression_practical_ensemble,0,mmr_effect@150,sample_gene_z,mmr_effect,150,0.5,35,sample_gene_z,MOCS3,MOCS3,,0.1753248795436666,0.1700595614022339,0.31939260544818177,-3.812263821134212
1,mmr_expression_practical_ensemble,0,mmr_effect@150,sample_gene_z,mmr_effect,150,0.5,36,sample_gene_z,ZNF311,ZNF311,,-1.0906552515774024,0.4681091445814546,0.006176966782493086,-3.812263821134212
1,mmr_expression_practical_ensemble,0,mmr_effect@150,sample_gene_z,mmr_effect,150,0.5,37,sample_gene_z,SPIN3,SPIN3,,-0.02859103801906066,0.38932456940795973,0.6068620917191185,-3.812263821134212
1,mmr_expression_practical_ensemble,0,mmr_effect@150,sample_gene_z,mmr_effect,150,0.5,38,sample_gene_z,RASSF10,RASSF10,,-0.9575664874133587,0.6400902664977678,-0.4580648401230305,-3.812263821134212
1,mmr_expression_practical_ensemble,0,mmr_effect@150,sample_gene_z,mmr_effect,150,0.5,39,sample_gene_z,GSPT2,GSPT2,,-0.3519114045466937,0.5413538015308319,0.4707125599672368,-3.812263821134212
1,mmr_expression_practical_ensemble,0,mmr_effect@150,sample_gene_z,mmr_effect,150,0.5,40,sample_gene_z,FAM179B,FAM179B,,0.05484282835593881,0.3116954785194811,-0.6473294810293544,-3.812263821134212
1,mmr_expression_practical_ensemble,0,mmr_effect@150,sample_gene_z,mmr_effect,150,0.5,41,sample_gene_z,NORAD,NORAD,,1.726239088364755,0.19680053594340274,0.03631829553980497,-3.812263821134212
1,mmr_expression_practical_ensemble,0,mmr_effect@150,sample_gene_z,mmr_effect,150,0.5,42,sample_gene_z,DHX35,DHX35,,0.20069375953797827,0.1554518652838836,0.2848974895574139,-3.812263821134212
1,mmr_expression_practical_ensemble,0,mmr_effect@150,sample_gene_z,mmr_effect,150,0.5,43,sample_gene_z,ZFP3,ZFP3,,-0.2531817873987658,0.4041118753426331,-0.08558100797862118,-3.812263821134212
1,mmr_expression_practical_ensemble,0,mmr_effect@150,sample_gene_z,mmr_effect,150,0.5,44,sample_gene_z,ASXL1,ASXL1,,0.9568844230494101,0.15550322514758774,-0.6204877008075235,-3.812263821134212
1,mmr_expression_practical_ensemble,0,mmr_effect@150,sample_gene_z,mmr_effect,150,0.5,45,sample_gene_z,CAB39L,CAB39L,,0.08162824419369805,0.36717036237089545,0.13974914573704647,-3.812263821134212
1,mmr_expression_practical_ensemble,0,mmr_effect@150,sample_gene_z,mmr_effect,150,0.5,46,sample_gene_z,RPS6KA6,RPS6KA6,,-1.613745345664632,0.6474150655743568,0.2890757003775071,-3.812263821134212
1,mmr_expression_practical_ensemble,0,mmr_effect@150,sample_gene_z,mmr_effect,150,0.5,47,sample_gene_z,CHMP4B,CHMP4B,,1.4801712349720322,0.14924566707024048,0.15072670953936002,-3.812263821134212
1,mmr_expression_practical_ensemble,0,mmr_effect@150,sample_gene_z,mmr_effect,150,0.5,48,sample_gene_z,KLC4,KLC4,,0.6423598500356025,0.21373205278561094,0.07716985271287166,-3.812263821134212
1,mmr_expression_practical_ensemble,0,mmr_effect@150,sample_gene_z,mmr_effect,150,0.5,49,sample_gene_z,SREBF1,SREBF1,,1.170518528416541,0.3208541313152786,0.23048842667476332,-3.812263821134212
1,mmr_expression_practical_ensemble,0,mmr_effect@150,sample_gene_z,mmr_effect,150,0.5,50,sample_gene_z,NUBPL,NUBPL,,0.03096907967454942,0.22060156955849505,0.31234500493280487,-3.812263821134212
1,mmr_expression_practical_ensemble,0,mmr_effect@150,sample_gene_z,mmr_effect,150,0.5,51,sample_gene_z,DIDO1,DIDO1,,1.0260581952934509,0.13636574224860903,0.28759747078048015,-3.812263821134212
1,mmr_expression_practical_ensemble,0,mmr_effect@150,sample_gene_z,mmr_effect,150,0.5,52,sample_gene_z,RALGAPB,RALGAPB,,0.9589659521627389,0.1475750180365718,0.8945295820546566,-3.812263821134212
1,mmr_expression_practical_ensemble,0,mmr_effect@150,sample_gene_z,mmr_effect,150,0.5,53,sample_gene_z,C8orf41,C8orf41,,0.0967225025243608,0.2914164603189382,-0.20344964485333406,-3.812263821134212
1,mmr_expression_practical_ensemble,0,mmr_effect@150,sample_gene_z,mmr_effect,150,0.5,54,sample_gene_z,FECH,FECH,,0.25727891254994784,0.3684231766417087,-0.6617752781332956,-3.812263821134212
1,mmr_expression_practical_ensemble,0,mmr_effect@150,sample_gene_z,mmr_effect,150,0.5,55,sample_gene_z,ZNF232,ZNF232,,-0.09047380884710887,0.33702706912267516,-1.1038279716531019,-3.812263821134212
1,mmr_expression_practical_ensemble,0,mmr_effect@150,sample_gene_z,mmr_effect,150,0.5,56,sample_gene_z,HUNK,HUNK,,0.031774901662705836,0.5943201764035142,-0.058050069407453345,-3.812263821134212
1,mmr_expression_practical_ensemble,0,mmr_effect@150,sample_gene_z,mmr_effect,150,0.5,57,sample_gene_z,MSL3L2,MSL3L2,,-0.22588545332448112,0.38442534098155506,-0.06803367369981282,-3.812263821134212
1,mmr_expression_practical_ensemble,0,mmr_effect@150,sample_gene_z,mmr_effect,150,0.5,58,sample_gene_z,C2orf43,C2orf43,,0.1537039577650458,0.3579321971932225,-0.37717412874936296,-3.812263821134212
1,mmr_expression_practical_ensemble,0,mmr_effect@150,sample_gene_z,mmr_effect,150,0.5,59,sample_gene_z,KIAA0406,KIAA0406,,0.597429735903689,0.1319322976567258,-0.07469504326928045,-3.812263821134212
1,mmr_expression_practical_ensemble,0,mmr_effect@150,sample_gene_z,mmr_effect,150,0.5,60,sample_gene_z,OSBPL2,OSBPL2,,0.8991977169207008,0.1494405142592859,-0.005345896749802147,-3.812263821134212
1,mmr_expression_practical_ensemble,0,mmr_effect@150,sample_gene_z,mmr_effect,150,0.5,61,sample_gene_z,GAS2L1,GAS2L1,,0.34371526089610355,0.368974479998875,-0.20985601041167362,-3.812263821134212
1,mmr_expression_practical_ensemble,0,mmr_effect@150,sample_gene_z,mmr_effect,150,0.5,62,sample_gene_z,GABRE,GABRE,,-0.25428035601695104,0.618838173115872,-0.32921997945465187,-3.812263821134212
1,mmr_expression_practical_ensemble,0,mmr_effect@150,sample_gene_z,mmr_effect,150,0.5,63,sample_gene_z,KALRN,KALRN,,0.4323936074251558,0.323159767507484,0.07865221565818178,-3.812263821134212
1,mmr_expression_practical_ensemble,0,mmr_effect@150,sample_gene_z,mmr_effect,150,0.5,64,sample_gene_z,B3GNT4,B3GNT4,,-1.2951812338355648,0.5993636894878299,0.7497422490625181,-3.812263821134212
1,mmr_expression_practical_ensemble,0,mmr_effect@150,sample_gene_z,mmr_effect,150,0.5,65,sample_gene_z,TAF4,TAF4,,0.5072633494498987,0.15873069022832853,0.10113220572170895,-3.812263821134212
1,mmr_expression_practical_ensemble,0,mmr_effect@150,sample_gene_z,mmr_effect,150,0.5,66,sample_gene_z,C7orf31,C7orf31,,-0.46174528462747877,0.32159188208413897,-0.28222721395932066,-3.812263821134212
1,mmr_expression_practical_ensemble,0,mmr_effect@150,sample_gene_z,mmr_effect,150,0.5,67,sample_gene_z,PRAP1,PRAP1,,-0.053305605803410136,1.096760810195393,-0.39917291483784223,-3.812263821134212
1,mmr_expression_practical_ensemble,0,mmr_effect@150,sample_gene_z,mmr_effect,150,0.5,68,sample_gene_z,C8orf45,C8orf45,,-0.9527208425396329,0.36984122549307946,-0.30278715384792193,-3.812263821134212
1,mmr_expression_practical_ensemble,0,mmr_effect@150,sample_gene_z,mmr_effect,150,0.5,69,sample_gene_z,TFAP2A,TFAP2A,,-0.1733461058961829,0.9179402507032378,0.5056724131795067,-3.812263821134212
1,mmr_expression_practical_ensemble,0,mmr_effect@150,sample_gene_z,mmr_effect,150,0.5,70,sample_gene_z,C19orf23,C19orf23,,-1.172355006311637,0.4234499941019479,0.2714319500627551,-3.812263821134212
1,mmr_expression_practical_ensemble,0,mmr_effect@150,sample_gene_z,mmr_effect,150,0.5,71,sample_gene_z,SCN8A,SCN8A,,-1.1016413994069556,0.49383668504778805,0.18539642105144993,-3.812263821134212
1,mmr_expression_practical_ensemble,0,mmr_effect@150,sample_gene_z,mmr_effect,150,0.5,72,sample_gene_z,KCNRG,KCNRG,,-1.1635241115427675,0.5959106412191549,0.7020477139078367,-3.812263821134212
1,mmr_expression_practical_ensemble,0,mmr_effect@150,sample_gene_z,mmr_effect,150,0.5,73,sample_gene_z,MUC20,MUC20,,0.8101855974713733,0.5114096845106773,-0.6970066674326312,-3.812263821134212
1,mmr_expression_practical_ensemble,0,mmr_effect@150,sample_gene_z,mmr_effect,150,0.5,74,sample_gene_z,CTTNBP2,CTTNBP2,,-0.3229024804538014,0.5971948156425919,-0.3250118886316303,-3.812263821134212
1,mmr_expression_practical_ensemble,0,mmr_effect@150,sample_gene_z,mmr_effect,150,0.5,75,sample_gene_z,ZMYND8,ZMYND8,,0.9080511573124636,0.21771993883462343,-0.3650287771811403,-3.812263821134212
1,mmr_expression_practical_ensemble,0,mmr_effect@150,sample_gene_z,mmr_effect,150,0.5,76,sample_gene_z,SALL4,SALL4,,-0.8059268676700563,0.552670372028321,-0.23674939713087162,-3.812263821134212
1,mmr_expression_practical_ensemble,0,mmr_effect@150,sample_gene_z,mmr_effect,150,0.5,77,sample_gene_z,TMEM176A,TMEM176A,,0.9036575476937958,0.5369426500670125,0.18323967807164382,-3.812263821134212
1,mmr_expression_practical_ensemble,0,mmr_effect@150,sample_gene_z,mmr_effect,150,0.5,78,sample_gene_z,KISS1R,KISS1R,,-1.952440577129136,0.727740275917526,-0.0868807814411588,-3.812263821134212
1,mmr_expression_practical_ensemble,0,mmr_effect@150,sample_gene_z,mmr_effect,150,0.5,79,sample_gene_z,GNG4,GNG4,,-0.34785572626306105,0.8431200269941207,0.048737957603206816,-3.812263821134212
1,mmr_expression_practical_ensemble,0,mmr_effect@150,sample_gene_z,mmr_effect,150,0.5,80,sample_gene_z,ITGAE,ITGAE,,0.1115140196135972,0.29877975879104957,0.8228347133189539,-3.812263821134212
1,mmr_expression_practical_ensemble,0,mmr_effect@150,sample_gene_z,mmr_effect,150,0.5,81,sample_gene_z,CTNNBL1,CTNNBL1,,0.7536022027108259,0.16337635725354618,-0.10260369159136505,-3.812263821134212
1,mmr_expression_practical_ensemble,0,mmr_effect@150,sample_gene_z,mmr_effect,150,0.5,82,sample_gene_z,C20orf111,C20orf111,,0.6548001351245999,0.16968368325062397,0.12860047247293568,-3.812263821134212
1,mmr_expression_practical_ensemble,0,mmr_effect@150,sample_gene_z,mmr_effect,150,0.5,83,sample_gene_z,SYN3,SYN3,,-1.7439425327052127,0.6163974273087643,0.06921726904898734,-3.812263821134212
1,mmr_expression_practical_ensemble,0,mmr_effect@150,sample_gene_z,mmr_effect,150,0.5,84,sample_gene_z,IFNG,IFNG,,-1.932821107378568,0.6096883663762476,-0.1517998867421079,-3.812263821134212
1,mmr_expression_practical_ensemble,0,mmr_effect@150,sample_gene_z,mmr_effect,150,0.5,85,sample_gene_z,SLC7A4,SLC7A4,,-0.7799118873392099,0.6701438673426569,-0.6891278188767174,-3.812263821134212
1,mmr_expression_practical_ensemble,0,mmr_effect@150,sample_gene_z,mmr_effect,150,0.5,86,sample_gene_z,CBFA2T2,CBFA2T2,,0.7096488279791834,0.17530241166803193,0.05565188147990587,-3.812263821134212
1,mmr_expression_practical_ensemble,0,mmr_effect@150,sample_gene_z,mmr_effect,150,0.5,87,sample_gene_z,TMEM176B,TMEM176B,,1.0915955928305252,0.49356991059709926,0.3328757993734691,-3.812263821134212
1,mmr_expression_practical_ensemble,0,mmr_effect@150,sample_gene_z,mmr_effect,150,0.5,88,sample_gene_z,EIF5AL1,EIF5AL1,,1.0108891438112033,0.23112443077544337,-0.027936219114923846,-3.812263821134212
1,mmr_expression_practical_ensemble,0,mmr_effect@150,sample_gene_z,mmr_effect,150,0.5,89,sample_gene_z,ATPAF2,ATPAF2,,0.13595419866520841,0.2855745975367714,0.3952613817804712,-3.812263821134212
1,mmr_expression_practical_ensemble,0,mmr_effect@150,sample_gene_z,mmr_effect,150,0.5,90,sample_gene_z,LY6G6D,LY6G6D,,-1.4540275135966023,1.1040219448019657,0.08641423950392621,-3.812263821134212
1,mmr_expression_practical_ensemble,0,mmr_effect@150,sample_gene_z,mmr_effect,150,0.5,91,sample_gene_z,STK38,STK38,,1.0044613983282367,0.16512574643907,0.6927769231084784,-3.812263821134212
1,mmr_expression_practical_ensemble,0,mmr_effect@150,sample_gene_z,mmr_effect,150,0.5,92,sample_gene_z,MPDU1,MPDU1,,0.8328781912316057,0.2680440492290963,-0.10349109232152828,-3.812263821134212
1,mmr_expression_practical_ensemble,0,mmr_effect@150,sample_gene_z,mmr_effect,150,0.5,93,sample_gene_z,RNF114,RNF114,,1.13283445916048,0.1397180825901251,0.4020453059361052,-3.812263821134212
1,mmr_expression_practical_ensemble,0,mmr_effect@150,sample_gene_z,mmr_effect,150,0.5,94,sample_gene_z,LINC00654,LINC00654,,-0.8148873921951661,0.43970213560130894,1.0321820325851705,-3.812263821134212
1,mmr_expression_practical_ensemble,0,mmr_effect@150,sample_gene_z,mmr_effect,150,0.5,95,sample_gene_z,CRCP,CRCP,,0.7531562397773703,0.15034128341401476,-0.012586800186806994,-3.812263821134212
1,mmr_expression_practical_ensemble,0,mmr_effect@150,sample_gene_z,mmr_effect,150,0.5,96,sample_gene_z,QPRT,QPRT,,0.4721644713991953,0.6271081928175637,0.42807831894784376,-3.812263821134212
1,mmr_expression_practical_ensemble,0,mmr_effect@150,sample_gene_z,mmr_effect,150,0.5,97,sample_gene_z,BNIP3L,BNIP3L,,0.8994602313062774,0.35224811519309934,0.5303594992052115,-3.812263821134212
1,mmr_expression_practical_ensemble,0,mmr_effect@150,sample_gene_z,mmr_effect,150,0.5,98,sample_gene_z,TOP3A,TOP3A,,0.3086637825298571,0.24990987296822015,0.7204983529742824,-3.812263821134212
1,mmr_expression_practical_ensemble,0,mmr_effect@150,sample_gene_z,mmr_effect,150,0.5,99,sample_gene_z,CHMP7,CHMP7,,0.6893975647113414,0.24831407432204647,0.5911661159534638,-3.812263821134212
1,mmr_expression_practical_ensemble,0,mmr_effect@150,sample_gene_z,mmr_effect,150,0.5,100,sample_gene_z,SERP2,SERP2,,-1.0183101615816506,0.4958310403029876,0.1662973706414733,-3.812263821134212
1,mmr_expression_practical_ensemble,0,mmr_effect@150,sample_gene_z,mmr_effect,150,0.5,101,sample_gene_z,R3HDML,R3HDML,,-1.9360229651874896,0.4358844387004511,0.07631502463862262,-3.812263821134212
1,mmr_expression_practical_ensemble,0,mmr_effect@150,sample_gene_z,mmr_effect,150,0.5,102,sample_gene_z,ACVR1B,ACVR1B,,0.9024352751020377,0.19439397705124295,0.3346474115463062,-3.812263821134212
1,mmr_expression_practical_ensemble,0,mmr_effect@150,sample_gene_z,mmr_effect,150,0.5,103,sample_gene_z,SYT7,SYT7,,0.3284897886430551,0.6195233845393749,-0.702636454635042,-3.812263821134212
1,mmr_expression_practical_ensemble,0,mmr_effect@150,sample_gene_z,mmr_effect,150,0.5,104,sample_gene_z,C3orf32,C3orf32,,-1.2284733560238,0.5306984788845042,-0.5855474557279761,-3.812263821134212
1,mmr_expression_practical_ensemble,0,mmr_effect@150,sample_gene_z,mmr_effect,150,0.5,105,sample_gene_z,C20orf11,C20orf11,,1.0814662931257435,0.1167832694069184,0.65499801600702,-3.812263821134212
1,mmr_expression_practical_ensemble,0,mmr_effect@150,sample_gene_z,mmr_effect,150,0.5,106,sample_gene_z,DDB2,DDB2,,0.27872667328322775,0.3008715964709542,0.19501033371706478,-3.812263821134212
1,mmr_expression_practical_ensemble,0,mmr_effect@150,sample_gene_z,mmr_effect,150,0.5,107,sample_gene_z,TIFA,TIFA,,0.09851983300222843,0.3263113186394011,-1.2852926902694124,-3.812263821134212
1,mmr_expression_practical_ensemble,0,mmr_effect@150,sample_gene_z,mmr_effect,150,0.5,108,sample_gene_z,ZNF683,ZNF683,,-1.2292218255527756,0.7575359640680579,-0.7736144067110985,-3.812263821134212
1,mmr_expression_practical_ensemble,0,mmr_effect@150,sample_gene_z,mmr_effect,150,0.5,109,sample_gene_z,SLC22A11,SLC22A11,,-1.532681122154831,0.6478529549068934,0.565430022469114,-3.812263821134212
1,mmr_expression_practical_ensemble,0,mmr_effect@150,sample_gene_z,mmr_effect,150,0.5,110,sample_gene_z,SLC1A7,SLC1A7,,-1.1141832473676645,0.7074967144411086,-0.7972486690548601,-3.812263821134212
1,mmr_expression_practical_ensemble,0,mmr_effect@150,sample_gene_z,mmr_effect,150,0.5,111,sample_gene_z,EIF5A,EIF5A,,1.7633030374568284,0.24752497851761124,1.0097676808234728,-3.812263821134212
1,mmr_expression_practical_ensemble,0,mmr_effect@150,sample_gene_z,mmr_effect,150,0.5,112,sample_gene_z,CRB2,CRB2,,-0.9894215821540309,0.5963438577670885,-0.7552375545580825,-3.812263821134212
1,mmr_expression_practical_ensemble,0,mmr_effect@150,sample_gene_z,mmr_effect,150,0.5,113,sample_gene_z,FBXO6,FBXO6,,0.19180059261586993,0.3903720946511071,0.39493147337535073,-3.812263821134212
1,mmr_expression_practical_ensemble,0,mmr_effect@150,sample_gene_z,mmr_effect,150,0.5,114,sample_gene_z,KIF3B,KIF3B,,1.0522284344117332,0.15502673999835245,0.009186371476341777,-3.812263821134212
1,mmr_expression_practical_ensemble,0,mmr_effect@150,sample_gene_z,mmr_effect,150,0.5,115,sample_gene_z,SLC9A8,SLC9A8,,0.5432618713440911,0.17694703895991545,0.4961288047436052,-3.812263821134212
1,mmr_expression_practical_ensemble,0,mmr_effect@150,sample_gene_z,mmr_effect,150,0.5,116,sample_gene_z,VWA2,VWA2,,-0.07824788322999938,0.6385045563026162,-0.5834926699892213,-3.812263821134212
1,mmr_expression_practical_ensemble,0,mmr_effect@150,sample_gene_z,mmr_effect,150,0.5,117,sample_gene_z,GPR153,GPR153,,0.28804187996327607,0.3808046241696209,0.09299661431408356,-3.812263821134212
1,mmr_expression_practical_ensemble,0,mmr_effect@150,sample_gene_z,mmr_effect,150,0.5,118,sample_gene_z,ELAC2,ELAC2,,0.8980751272529156,0.21547807532734536,0.38682013928421055,-3.812263821134212
1,mmr_expression_practical_ensemble,0,mmr_effect@150,sample_gene_z,mmr_effect,150,0.5,119,sample_gene_z,ABLIM2,ABLIM2,,-0.11654296218864546,0.46186501214460857,0.1067450469260595,-3.812263821134212
1,mmr_expression_practical_ensemble,0,mmr_effect@150,sample_gene_z,mmr_effect,150,0.5,120,sample_gene_z,ABCC6,ABCC6,,-0.38662108382776394,0.46208794293313893,-0.5167890893517321,-3.812263821134212
1,mmr_expression_practical_ensemble,0,mmr_effect@150,sample_gene_z,mmr_effect,150,0.5,121,sample_gene_z,F10,F10,,-0.7492385757318238,0.5565707286012367,0.18818624610839974,-3.812263821134212
1,mmr_expression_practical_ensemble,0,mmr_effect@150,sample_gene_z,mmr_effect,150,0.5,122,sample_gene_z,LAG3,LAG3,,-0.5322126676460258,0.5826276252110143,0.5135422051103309,-3.812263821134212
1,mmr_expression_practical_ensemble,0,mmr_effect@150,sample_gene_z,mmr_effect,150,0.5,123,sample_gene_z,TGFBR2,TGFBR2,,1.0514166051403484,0.34145690551179053,-0.19998166481778606,-3.812263821134212
1,mmr_expression_practical_ensemble,0,mmr_effect@150,sample_gene_z,mmr_effect,150,0.5,124,sample_gene_z,FDXR,FDXR,,0.3330827475030537,0.35405861500839775,-0.4113825892965679,-3.812263821134212
1,mmr_expression_practical_ensemble,0,mmr_effect@150,sample_gene_z,mmr_effect,150,0.5,125,sample_gene_z,ERI1,ERI1,,0.3045332205476808,0.34107362406957453,0.7535581200977187,-3.812263821134212
1,mmr_expression_practical_ensemble,0,mmr_effect@150,sample_gene_z,mmr_effect,150,0.5,126,sample_gene_z,CHN2,CHN2,,0.018185297801936413,0.4151040447869063,0.08703747938231755,-3.812263821134212
1,mmr_expression_practical_ensemble,0,mmr_effect@150,sample_gene_z,mmr_effect,150,0.5,127,sample_gene_z,KLF7,KLF7,,-0.5894381686349007,0.34447696815095563,-0.16705286003355158,-3.812263821134212
1,mmr_expression_practical_ensemble,0,mmr_effect@150,sample_gene_z,mmr_effect,150,0.5,128,sample_gene_z,RNF32,RNF32,,-0.6725674969075336,0.30236531370042635,0.27579302831296676,-3.812263821134212
1,mmr_expression_practical_ensemble,0,mmr_effect@150,sample_gene_z,mmr_effect,150,0.5,129,sample_gene_z,IER3IP1,IER3IP1,,0.7303611883192604,0.27322456867907324,-0.380302314819463,-3.812263821134212
1,mmr_expression_practical_ensemble,0,mmr_effect@150,sample_gene_z,mmr_effect,150,0.5,130,sample_gene_z,HSPH1,HSPH1,,1.316924573629849,0.25630871543855865,0.08267086705328533,-3.812263821134212
1,mmr_expression_practical_ensemble,0,mmr_effect@150,sample_gene_z,mmr_effect,150,0.5,131,sample_gene_z,ALKBH3,ALKBH3,,0.031739466660033,0.33252460813339574,0.2450774500083573,-3.812263821134212
1,mmr_expression_practical_ensemble,0,mmr_effect@150,sample_gene_z,mmr_effect,150,0.5,132,sample_gene_z,C3orf59,C3orf59,,-0.20568593332761625,0.3305248779431233,-0.12096567470508447,-3.812263821134212
1,mmr_expression_practical_ensemble,0,mmr_effect@150,sample_gene_z,mmr_effect,150,0.5,133,sample_gene_z,STAU1,STAU1,,1.3838681376788708,0.11591330760495162,0.2421705415673479,-3.812263821134212
1,mmr_expression_practical_ensemble,0,mmr_effect@150,sample_gene_z,mmr_effect,150,0.5,134,sample_gene_z,TP73,TP73,,-0.6702721583411745,0.6663943831406208,0.7419925288452455,-3.812263821134212
1,mmr_expression_practical_ensemble,0,mmr_effect@150,sample_gene_z,mmr_effect,150,0.5,135,sample_gene_z,ACOT8,ACOT8,,0.4459887778396094,0.19812856605087967,-0.3048219015069894,-3.812263821134212
1,mmr_expression_practical_ensemble,0,mmr_effect@150,sample_gene_z,mmr_effect,150,0.5,136,sample_gene_z,C20orf4,C20orf4,,0.8123902201453298,0.11792612068774597,0.6796487072371591,-3.812263821134212
1,mmr_expression_practical_ensemble,0,mmr_effect@150,sample_gene_z,mmr_effect,150,0.5,137,sample_gene_z,COL9A1,COL9A1,,-0.8331911724019523,0.8502339976773912,0.18554456507491024,-3.812263821134212
1,mmr_expression_practical_ensemble,0,mmr_effect@150,sample_gene_z,mmr_effect,150,0.5,138,sample_gene_z,GTF2A2,GTF2A2,,0.6421257678799804,0.2964706076157973,-0.11404904291196595,-3.812263821134212
1,mmr_expression_practical_ensemble,0,mmr_effect@150,sample_gene_z,mmr_effect,150,0.5,139,sample_gene_z,RAE1,RAE1,,0.7377065375647611,0.15853563995926612,-0.6162208060725304,-3.812263821134212
1,mmr_expression_practical_ensemble,0,mmr_effect@150,sample_gene_z,mmr_effect,150,0.5,140,sample_gene_z,DUSP4,DUSP4,,0.12953718043673723,0.6395033923834876,0.18347832309053524,-3.812263821134212
1,mmr_expression_practical_ensemble,0,mmr_effect@150,sample_gene_z,mmr_effect,150,0.5,141,sample_gene_z,KIR2DL4,KIR2DL4,,-1.871480257819068,0.6314785490884405,0.1359030750465434,-3.812263821134212
1,mmr_expression_practical_ensemble,0,mmr_effect@150,sample_gene_z,mmr_effect,150,0.5,142,sample_gene_z,CPNE1,CPNE1,,1.3034097808105232,0.2467045143472884,-0.23399286062524155,-3.812263821134212
1,mmr_expression_practical_ensemble,0,mmr_effect@150,sample_gene_z,mmr_effect,150,0.5,143,sample_gene_z,STX16,STX16,,1.0281849715653775,0.18898569379689945,-0.9318715910222782,-3.812263821134212
1,mmr_expression_practical_ensemble,0,mmr_effect@150,sample_gene_z,mmr_effect,150,0.5,144,sample_gene_z,PHACTR3,PHACTR3,,-1.4594202568869687,0.6664723195804033,-0.14606511805867772,-3.812263821134212
1,mmr_expression_practical_ensemble,0,mmr_effect@150,sample_gene_z,mmr_effect,150,0.5,145,sample_gene_z,TIMM22,TIMM22,,0.26128649722084535,0.2872328888080657,-1.232586833563659,-3.812263821134212
1,mmr_expression_practical_ensemble,0,mmr_effect@150,sample_gene_z,mmr_effect,150,0.5,146,sample_gene_z,TH1L,TH1L,,1.1163216477342055,0.1547189936668859,-0.622953696560798,-3.812263821134212
1,mmr_expression_practical_ensemble,0,mmr_effect@150,sample_gene_z,mmr_effect,150,0.5,147,sample_gene_z,LRRC2,LRRC2,,-0.7863388081339237,0.5340208694297994,0.3179988710552706,-3.812263821134212
1,mmr_expression_practical_ensemble,0,mmr_effect@150,sample_gene_z,mmr_effect,150,0.5,148,sample_gene_z,MAPK12,MAPK12,,-0.3235046243789604,0.5039594694652817,-0.35439169653592956,-3.812263821134212
1,mmr_expression_practical_ensemble,0,mmr_effect@150,sample_gene_z,mmr_effect,150,0.5,149,sample_gene_z,TTLL2,TTLL2,,-1.5171386267349922,0.4624704343644129,0.28969446728498854,-3.812263821134212
1,mmr_expression_practical_ensemble,0,mmr_effect@150,sample_gene_z,mmr_effect,150,0.5,150,tissue_onehot,tissue:CRC,,CRC,0.4199134199134199,0.49354446576781863,0.34966468181419785,-3.812263821134212
1,mmr_expression_practical_ensemble,0,mmr_effect@150,sample_gene_z,mmr_effect,150,0.5,151,tissue_onehot,tissue:STAD,,STAD,0.24963924963924963,0.4328042221129587,0.374829230519481,-3.812263821134212
1,mmr_expression_practical_ensemble,0,mmr_effect@150,sample_gene_z,mmr_effect,150,0.5,152,tissue_onehot,tissue:UCEC,,UCEC,0.33044733044733043,0.47037420448783496,-0.7117795553618739,-3.812263821134212
1,mmr_expression_practical_ensemble,1,tissue_independent_mmr@250,sample_gene_z,tissue_independent_mmr,250,0.5,0,sample_gene_z,EPM2AIP1,EPM2AIP1,,0.3364653138891309,0.42882599455639414,-0.527394677528707,-5.477383483069421
1,mmr_expression_practical_ensemble,1,tissue_independent_mmr@250,sample_gene_z,tissue_independent_mmr,250,0.5,1,sample_gene_z,MLH1,MLH1,,0.2756147197296991,0.37809307660553465,-1.571507123654483,-5.477383483069421
1,mmr_expression_practical_ensemble,1,tissue_independent_mmr@250,sample_gene_z,tissue_independent_mmr,250,0.5,2,sample_gene_z,NHLRC1,NHLRC1,,-0.7226085248284688,0.4174285466841873,0.3183911974521445,-5.477383483069421
1,mmr_expression_practical_ensemble,1,tissue_independent_mmr@250,sample_gene_z,tissue_independent_mmr,250,0.5,3,sample_gene_z,RPL22L1,RPL22L1,,0.7663018816811275,0.44162611145639286,0.7071836955382779,-5.477383483069421
1,mmr_expression_practical_ensemble,1,tissue_independent_mmr@250,sample_gene_z,tissue_independent_mmr,250,0.5,4,sample_gene_z,TTC30A,TTC30A,,-0.19911316586555575,0.3572202512203319,-0.17285136894884615,-5.477383483069421
1,mmr_expression_practical_ensemble,1,tissue_independent_mmr@250,sample_gene_z,tissue_independent_mmr,250,0.5,5,sample_gene_z,IFNG,IFNG,,-2.068377934370053,0.6234644934153937,0.25695948006164077,-5.477383483069421
1,mmr_expression_practical_ensemble,1,tissue_independent_mmr@250,sample_gene_z,tissue_independent_mmr,250,0.5,6,sample_gene_z,MSH4,MSH4,,-2.2705520057617177,0.5426124934833182,0.9827906771266325,-5.477383483069421
1,mmr_expression_practical_ensemble,1,tissue_independent_mmr@250,sample_gene_z,tissue_independent_mmr,250,0.5,7,sample_gene_z,SPIN3,SPIN3,,-0.05043631558111007,0.39585674419447053,0.3639856922720264,-5.477383483069421
1,mmr_expression_practical_ensemble,1,tissue_independent_mmr@250,sample_gene_z,tissue_independent_mmr,250,0.5,8,sample_gene_z,ZMYND8,ZMYND8,,0.9325252867793491,0.24735270563166722,-0.2120818362993264,-5.477383483069421
1,mmr_expression_practical_ensemble,1,tissue_independent_mmr@250,sample_gene_z,tissue_independent_mmr,250,0.5,9,sample_gene_z,SMAP1,SMAP1,,0.6994800354576118,0.2021669909566397,-0.5398979220016698,-5.477383483069421
1,mmr_expression_practical_ensemble,1,tissue_independent_mmr@250,sample_gene_z,tissue_independent_mmr,250,0.5,10,sample_gene_z,THADA,THADA,,0.6349813290645806,0.19593187978915202,-0.07049502450560469,-5.477383483069421
1,mmr_expression_practical_ensemble,1,tissue_independent_mmr@250,sample_gene_z,tissue_independent_mmr,250,0.5,11,sample_gene_z,ASXL1,ASXL1,,0.9849093601438716,0.1900188321391417,0.49316145436722814,-5.477383483069421
1,mmr_expression_practical_ensemble,1,tissue_independent_mmr@250,sample_gene_z,tissue_independent_mmr,250,0.5,12,sample_gene_z,GGT7,GGT7,,0.259272894598748,0.3925126439369699,0.20066060780940764,-5.477383483069421
1,mmr_expression_practical_ensemble,1,tissue_independent_mmr@250,sample_gene_z,tissue_independent_mmr,250,0.5,13,sample_gene_z,ZNF285,ZNF285,,-1.289965582257831,0.6163842416138475,0.42029806918724927,-5.477383483069421
1,mmr_expression_practical_ensemble,1,tissue_independent_mmr@250,sample_gene_z,tissue_independent_mmr,250,0.5,14,sample_gene_z,ZFP3,ZFP3,,-0.28916440099900637,0.4158220989139957,0.010057015637139066,-5.477383483069421
1,mmr_expression_practical_ensemble,1,tissue_independent_mmr@250,sample_gene_z,tissue_independent_mmr,250,0.5,15,sample_gene_z,C5orf4,C5orf4,,-0.048223102087286696,0.44661549404164247,0.5718179002555354,-5.477383483069421
1,mmr_expression_practical_ensemble,1,tissue_independent_mmr@250,sample_gene_z,tissue_independent_mmr,250,0.5,16,sample_gene_z,TSPYL3,TSPYL3,,-1.37255469137992,0.39261609291273863,0.05683303066684577,-5.477383483069421
1,mmr_expression_practical_ensemble,1,tissue_independent_mmr@250,sample_gene_z,tissue_independent_mmr,250,0.5,17,sample_gene_z,PBK,PBK,,0.28575951242374237,0.40418395866761864,-0.3323578754742719,-5.477383483069421
1,mmr_expression_practical_ensemble,1,tissue_independent_mmr@250,sample_gene_z,tissue_independent_mmr,250,0.5,18,sample_gene_z,DDB2,DDB2,,0.26425763933421803,0.27317892276662786,0.31430460082668504,-5.477383483069421
1,mmr_expression_practical_ensemble,1,tissue_independent_mmr@250,sample_gene_z,tissue_independent_mmr,250,0.5,19,sample_gene_z,BBS10,BBS10,,0.0025034852968405415,0.25672011175459597,0.20750938129669372,-5.477383483069421
1,mmr_expression_practical_ensemble,1,tissue_independent_mmr@250,sample_gene_z,tissue_independent_mmr,250,0.5,20,sample_gene_z,C7orf13,C7orf13,,-0.45969058190634,0.49073175275139524,-0.47410874890433774,-5.477383483069421
1,mmr_expression_practical_ensemble,1,tissue_independent_mmr@250,sample_gene_z,tissue_independent_mmr,250,0.5,21,sample_gene_z,TYMS,TYMS,,0.6267264768798185,0.32352372124649464,0.7844055047300096,-5.477383483069421
1,mmr_expression_practical_ensemble,1,tissue_independent_mmr@250,sample_gene_z,tissue_independent_mmr,250,0.5,22,sample_gene_z,ZNF662,ZNF662,,-0.8680208834945035,0.5449364944608523,0.24929653911153732,-5.477383483069421
1,mmr_expression_practical_ensemble,1,tissue_independent_mmr@250,sample_gene_z,tissue_independent_mmr,250,0.5,23,sample_gene_z,SERP2,SERP2,,-1.094647652844636,0.5028651549886347,0.10584079561793942,-5.477383483069421
1,mmr_expression_practical_ensemble,1,tissue_independent_mmr@250,sample_gene_z,tissue_independent_mmr,250,0.5,24,sample_gene_z,FAM57A,FAM57A,,0.5191375110597365,0.27946068334045154,0.4551164570396902,-5.477383483069421
1,mmr_expression_practical_ensemble,1,tissue_independent_mmr@250,sample_gene_z,tissue_independent_mmr,250,0.5,25,sample_gene_z,EIF5AL1,EIF5AL1,,1.0340043272536241,0.2013714963115083,-0.14459894207976862,-5.477383483069421
1,mmr_expression_practical_ensemble,1,tissue_independent_mmr@250,sample_gene_z,tissue_independent_mmr,250,0.5,26,sample_gene_z,CACNG4,CACNG4,,-1.037248957750255,0.9247670594666046,0.33964363880452425,-5.477383483069421
1,mmr_expression_practical_ensemble,1,tissue_independent_mmr@250,sample_gene_z,tissue_independent_mmr,250,0.5,27,sample_gene_z,SPAG16,SPAG16,,-0.2155773789426813,0.5273072477340537,0.13558725226381105,-5.477383483069421
1,mmr_expression_practical_ensemble,1,tissue_independent_mmr@250,sample_gene_z,tissue_independent_mmr,250,0.5,28,sample_gene_z,GUSBP5,GUSBP5,,-1.6710215666619583,0.4225642343096068,0.16696408103495697,-5.477383483069421
1,mmr_expression_practical_ensemble,1,tissue_independent_mmr@250,sample_gene_z,tissue_independent_mmr,250,0.5,29,sample_gene_z,HCG11,HCG11,,-0.06919174802633855,0.3953378161105757,0.11838916709573005,-5.477383483069421
1,mmr_expression_practical_ensemble,1,tissue_independent_mmr@250,sample_gene_z,tissue_independent_mmr,250,0.5,30,sample_gene_z,C1GALT1C1L,C1GALT1C1L,,-1.619785045738229,0.4877975032009529,0.10301095100392664,-5.477383483069421
1,mmr_expression_practical_ensemble,1,tissue_independent_mmr@250,sample_gene_z,tissue_independent_mmr,250,0.5,31,sample_gene_z,CBFA2T2,CBFA2T2,,0.7232879813167574,0.20455686720820745,-0.08605166392318578,-5.477383483069421
1,mmr_expression_practical_ensemble,1,tissue_independent_mmr@250,sample_gene_z,tissue_independent_mmr,250,0.5,32,sample_gene_z,GPR81,GPR81,,-1.360693889696574,0.6509017649188968,-1.3011803734217728,-5.477383483069421
1,mmr_expression_practical_ensemble,1,tissue_independent_mmr@250,sample_gene_z,tissue_independent_mmr,250,0.5,33,sample_gene_z,ABCC5,ABCC5,,0.5344783270705709,0.24786990663877212,-0.8648878185173922,-5.477383483069421
1,mmr_expression_practical_ensemble,1,tissue_independent_mmr@250,sample_gene_z,tissue_independent_mmr,250,0.5,34,sample_gene_z,FAM179B,FAM179B,,0.03778422571657217,0.27842078834558714,0.2769108097624081,-5.477383483069421
1,mmr_expression_practical_ensemble,1,tissue_independent_mmr@250,sample_gene_z,tissue_independent_mmr,250,0.5,35,sample_gene_z,DDX27,DDX27,,1.020580069749643,0.2430831111784704,-0.4889722631598653,-5.477383483069421
1,mmr_expression_practical_ensemble,1,tissue_independent_mmr@250,sample_gene_z,tissue_independent_mmr,250,0.5,36,sample_gene_z,PGAM1,PGAM1,,1.4089114854380071,0.1979436296779647,0.8623225138440885,-5.477383483069421
1,mmr_expression_practical_ensemble,1,tissue_independent_mmr@250,sample_gene_z,tissue_independent_mmr,250,0.5,37,sample_gene_z,FUT10,FUT10,,-0.2373903063439817,0.2978071775843807,-0.02625547218860204,-5.477383483069421
1,mmr_expression_practical_ensemble,1,tissue_independent_mmr@250,sample_gene_z,tissue_independent_mmr,250,0.5,38,sample_gene_z,TTC30B,TTC30B,,-0.24200892038802507,0.27657943288329506,-0.44075197703794744,-5.477383483069421
1,mmr_expression_practical_ensemble,1,tissue_independent_mmr@250,sample_gene_z,tissue_independent_mmr,250,0.5,39,sample_gene_z,SYS1,SYS1,,0.7189451311030953,0.17049792463833474,-0.7473233410539308,-5.477383483069421
1,mmr_expression_practical_ensemble,1,tissue_independent_mmr@250,sample_gene_z,tissue_independent_mmr,250,0.5,40,sample_gene_z,ATP6V1B2,ATP6V1B2,,1.036658522094406,0.20763152441236232,0.5341334706724072,-5.477383483069421
1,mmr_expression_practical_ensemble,1,tissue_independent_mmr@250,sample_gene_z,tissue_independent_mmr,250,0.5,41,sample_gene_z,CDCA2,CDCA2,,-0.010433246855690049,0.38377075849185516,-0.474191143839684,-5.477383483069421
1,mmr_expression_practical_ensemble,1,tissue_independent_mmr@250,sample_gene_z,tissue_independent_mmr,250,0.5,42,sample_gene_z,C3orf67,C3orf67,,-1.055824247399151,0.6382519472054342,0.04530291121793324,-5.477383483069421
1,mmr_expression_practical_ensemble,1,tissue_independent_mmr@250,sample_gene_z,tissue_independent_mmr,250,0.5,43,sample_gene_z,DEM1,DEM1,,-0.3386487860384549,0.2519851423639456,0.08527692389865632,-5.477383483069421
1,mmr_expression_practical_ensemble,1,tissue_independent_mmr@250,sample_gene_z,tissue_independent_mmr,250,0.5,44,sample_gene_z,L3MBTL,L3MBTL,,-0.3637583733511432,0.40624929379695474,-0.2082903599053993,-5.477383483069421
1,mmr_expression_practical_ensemble,1,tissue_independent_mmr@250,sample_gene_z,tissue_independent_mmr,250,0.5,45,sample_gene_z,NUP188,NUP188,,0.9942924429321771,0.1874821445890899,-0.02541116174775965,-5.477383483069421
1,mmr_expression_practical_ensemble,1,tissue_independent_mmr@250,sample_gene_z,tissue_independent_mmr,250,0.5,46,sample_gene_z,SCO1,SCO1,,0.37368792294346936,0.21064692945982388,0.055014956307900584,-5.477383483069421
1,mmr_expression_practical_ensemble,1,tissue_independent_mmr@250,sample_gene_z,tissue_independent_mmr,250,0.5,47,sample_gene_z,IFT52,IFT52,,0.5271921629302544,0.1861636535141736,0.5154577396104623,-5.477383483069421
1,mmr_expression_practical_ensemble,1,tissue_independent_mmr@250,sample_gene_z,tissue_independent_mmr,250,0.5,48,sample_gene_z,TRMT12,TRMT12,,0.04864883912148684,0.3041781466404253,-0.033867472465198216,-5.477383483069421
1,mmr_expression_practical_ensemble,1,tissue_independent_mmr@250,sample_gene_z,tissue_independent_mmr,250,0.5,49,sample_gene_z,H2AFZ,H2AFZ,,1.5195186559115488,0.19218952526624075,0.0015852614037059967,-5.477383483069421
1,mmr_expression_practical_ensemble,1,tissue_independent_mmr@250,sample_gene_z,tissue_independent_mmr,250,0.5,50,sample_gene_z,COL9A1,COL9A1,,-0.8947044356941546,0.9132524833562017,0.07649171797372795,-5.477383483069421
1,mmr_expression_practical_ensemble,1,tissue_independent_mmr@250,sample_gene_z,tissue_independent_mmr,250,0.5,51,sample_gene_z,TTPAL,TTPAL,,0.45807738729541375,0.17829650945481115,0.21216954438989735,-5.477383483069421
1,mmr_expression_practical_ensemble,1,tissue_independent_mmr@250,sample_gene_z,tissue_independent_mmr,250,0.5,52,sample_gene_z,SKA1,SKA1,,-0.0681473480681241,0.3422138738346901,0.6935188144721567,-5.477383483069421
1,mmr_expression_practical_ensemble,1,tissue_independent_mmr@250,sample_gene_z,tissue_independent_mmr,250,0.5,53,sample_gene_z,RRAGA,RRAGA,,0.8916999619357888,0.203791613534141,-0.20093254326759502,-5.477383483069421
1,mmr_expression_practical_ensemble,1,tissue_independent_mmr@250,sample_gene_z,tissue_independent_mmr,250,0.5,54,sample_gene_z,CHMP7,CHMP7,,0.699229496272224,0.20127012877833345,0.3796356973202302,-5.477383483069421
1,mmr_expression_practical_ensemble,1,tissue_independent_mmr@250,sample_gene_z,tissue_independent_mmr,250,0.5,55,sample_gene_z,RASSF10,RASSF10,,-1.0347574725905573,0.7076199763310613,-0.44508561272915137,-5.477383483069421
1,mmr_expression_practical_ensemble,1,tissue_independent_mmr@250,sample_gene_z,tissue_independent_mmr,250,0.5,56,sample_gene_z,ELMO2,ELMO2,,0.6559397665754213,0.16010234189100717,0.32711021377499705,-5.477383483069421
1,mmr_expression_practical_ensemble,1,tissue_independent_mmr@250,sample_gene_z,tissue_independent_mmr,250,0.5,57,sample_gene_z,NRXN3,NRXN3,,-0.6099270169872079,0.6856924859478525,0.16408271062210514,-5.477383483069421
1,mmr_expression_practical_ensemble,1,tissue_independent_mmr@250,sample_gene_z,tissue_independent_mmr,250,0.5,58,sample_gene_z,UHRF1,UHRF1,,0.3126145641952622,0.3304472531716106,-0.10596820979095468,-5.477383483069421
1,mmr_expression_practical_ensemble,1,tissue_independent_mmr@250,sample_gene_z,tissue_independent_mmr,250,0.5,59,sample_gene_z,TTC19,TTC19,,0.7316042539224322,0.20023258086479864,-0.2764178356196841,-5.477383483069421
1,mmr_expression_practical_ensemble,1,tissue_independent_mmr@250,sample_gene_z,tissue_independent_mmr,250,0.5,60,sample_gene_z,ZSWIM1,ZSWIM1,,0.28141154254568373,0.18737129398148006,0.3362815069825772,-5.477383483069421
1,mmr_expression_practical_ensemble,1,tissue_independent_mmr@250,sample_gene_z,tissue_independent_mmr,250,0.5,61,sample_gene_z,C21orf49,C21orf49,,-1.9658117334493275,0.38878335104862255,-0.9636399281149801,-5.477383483069421
1,mmr_expression_practical_ensemble,1,tissue_independent_mmr@250,sample_gene_z,tissue_independent_mmr,250,0.5,62,sample_gene_z,LINC00654,LINC00654,,-0.8812285301551507,0.47035960589263964,1.075249126183407,-5.477383483069421
1,mmr_expression_practical_ensemble,1,tissue_independent_mmr@250,sample_gene_z,tissue_independent_mmr,250,0.5,63,sample_gene_z,FOXP4,FOXP4,,1.2445253914759615,0.25918017863638687,-0.16926128230914791,-5.477383483069421
1,mmr_expression_practical_ensemble,1,tissue_independent_mmr@250,sample_gene_z,tissue_independent_mmr,250,0.5,64,sample_gene_z,THNSL2,THNSL2,,-0.07875062459405413,0.7164939213127812,-0.1880426980667714,-5.477383483069421
1,mmr_expression_practical_ensemble,1,tissue_independent_mmr@250,sample_gene_z,tissue_independent_mmr,250,0.5,65,sample_gene_z,ASPHD2,ASPHD2,,-0.19744928324006897,0.4115397516836143,0.9319777441158669,-5.477383483069421
1,mmr_expression_practical_ensemble,1,tissue_independent_mmr@250,sample_gene_z,tissue_independent_mmr,250,0.5,66,sample_gene_z,ZNF572,ZNF572,,-0.7268377264295224,0.42374481216407245,-0.07501349429476624,-5.477383483069421
1,mmr_expression_practical_ensemble,1,tissue_independent_mmr@250,sample_gene_z,tissue_independent_mmr,250,0.5,67,sample_gene_z,PLEKHB1,PLEKHB1,,0.5583423335432834,0.5198603845798504,-0.23704804367382776,-5.477383483069421
1,mmr_expression_practical_ensemble,1,tissue_independent_mmr@250,sample_gene_z,tissue_independent_mmr,250,0.5,68,sample_gene_z,PCLO,PCLO,,-0.5370452493359336,0.6464709569998197,-0.08583039209120186,-5.477383483069421
1,mmr_expression_practical_ensemble,1,tissue_independent_mmr@250,sample_gene_z,tissue_independent_mmr,250,0.5,69,sample_gene_z,GRIN1,GRIN1,,-1.4411140510476304,0.7054108540938349,0.2564418802085878,-5.477383483069421
1,mmr_expression_practical_ensemble,1,tissue_independent_mmr@250,sample_gene_z,tissue_independent_mmr,250,0.5,70,sample_gene_z,IGSF22,IGSF22,,-1.533795915325672,0.4585277264099301,-0.1345723055593611,-5.477383483069421
1,mmr_expression_practical_ensemble,1,tissue_independent_mmr@250,sample_gene_z,tissue_independent_mmr,250,0.5,71,sample_gene_z,CHCHD5,CHCHD5,,0.13203617511988464,0.3615139821268064,0.029448990415449034,-5.477383483069421
1,mmr_expression_practical_ensemble,1,tissue_independent_mmr@250,sample_gene_z,tissue_independent_mmr,250,0.5,72,sample_gene_z,ZNF274,ZNF274,,0.13800136144319167,0.23432988454637643,0.03444641116454456,-5.477383483069421
1,mmr_expression_practical_ensemble,1,tissue_independent_mmr@250,sample_gene_z,tissue_independent_mmr,250,0.5,73,sample_gene_z,C8orf45,C8orf45,,-1.0311439206051303,0.40218419402886046,-0.007374981906626606,-5.477383483069421
1,mmr_expression_practical_ensemble,1,tissue_independent_mmr@250,sample_gene_z,tissue_independent_mmr,250,0.5,74,sample_gene_z,WDR35,WDR35,,0.15075201569752608,0.28745040191516313,0.2744756991225834,-5.477383483069421
1,mmr_expression_practical_ensemble,1,tissue_independent_mmr@250,sample_gene_z,tissue_independent_mmr,250,0.5,75,sample_gene_z,MTERF,MTERF,,-0.23533350241224224,0.39689873844269213,0.789753262317488,-5.477383483069421
1,mmr_expression_practical_ensemble,1,tissue_independent_mmr@250,sample_gene_z,tissue_independent_mmr,250,0.5,76,sample_gene_z,PCMTD2,PCMTD2,,0.8813158102576206,0.2364064818384054,0.002885479356946578,-5.477383483069421
1,mmr_expression_practical_ensemble,1,tissue_independent_mmr@250,sample_gene_z,tissue_independent_mmr,250,0.5,77,sample_gene_z,MLF1,MLF1,,-0.26158241629920764,0.7085908314447694,0.14210032908287482,-5.477383483069421
1,mmr_expression_practical_ensemble,1,tissue_independent_mmr@250,sample_gene_z,tissue_independent_mmr,250,0.5,78,sample_gene_z,UBR7,UBR7,,0.6331313085690474,0.15809281164577935,0.31522999186748957,-5.477383483069421
1,mmr_expression_practical_ensemble,1,tissue_independent_mmr@250,sample_gene_z,tissue_independent_mmr,250,0.5,79,sample_gene_z,PCIF1,PCIF1,,0.8164745871652177,0.1747970172336109,-0.20921706307816418,-5.477383483069421
1,mmr_expression_practical_ensemble,1,tissue_independent_mmr@250,sample_gene_z,tissue_independent_mmr,250,0.5,80,sample_gene_z,MSL3L2,MSL3L2,,-0.26451703654477765,0.4173531116102974,0.0989930343978819,-5.477383483069421
1,mmr_expression_practical_ensemble,1,tissue_independent_mmr@250,sample_gene_z,tissue_independent_mmr,250,0.5,81,sample_gene_z,TTC14,TTC14,,0.30680489809152556,0.3071062748388501,0.15878833635534675,-5.477383483069421
1,mmr_expression_practical_ensemble,1,tissue_independent_mmr@250,sample_gene_z,tissue_independent_mmr,250,0.5,82,sample_gene_z,TNFRSF10B,TNFRSF10B,,0.9697394710341709,0.273203884809674,0.38782290662189783,-5.477383483069421
1,mmr_expression_practical_ensemble,1,tissue_independent_mmr@250,sample_gene_z,tissue_independent_mmr,250,0.5,83,sample_gene_z,STX16,STX16,,1.0579297846441993,0.22905290703781328,0.34870123999621544,-5.477383483069421
1,mmr_expression_practical_ensemble,1,tissue_independent_mmr@250,sample_gene_z,tissue_independent_mmr,250,0.5,84,sample_gene_z,INTS10,INTS10,,0.8430750056244866,0.2229518279438683,0.5242784804423188,-5.477383483069421
1,mmr_expression_practical_ensemble,1,tissue_independent_mmr@250,sample_gene_z,tissue_independent_mmr,250,0.5,85,sample_gene_z,FLJ35776,FLJ35776,,-0.2903087877102021,0.3196568842733809,-0.6425125222292803,-5.477383483069421
1,mmr_expression_practical_ensemble,1,tissue_independent_mmr@250,sample_gene_z,tissue_independent_mmr,250,0.5,86,sample_gene_z,NYNRIN,NYNRIN,,0.5654892072188522,0.4004118625271484,0.395326695483668,-5.477383483069421
1,mmr_expression_practical_ensemble,1,tissue_independent_mmr@250,sample_gene_z,tissue_independent_mmr,250,0.5,87,sample_gene_z,ADAMTSL2,ADAMTSL2,,-0.22006556285232165,0.47167396251134397,-0.7277033995423052,-5.477383483069421
1,mmr_expression_practical_ensemble,1,tissue_independent_mmr@250,sample_gene_z,tissue_independent_mmr,250,0.5,88,sample_gene_z,KIAA1841,KIAA1841,,0.015221998230098656,0.24992087022001383,-0.06027986035538829,-5.477383483069421
1,mmr_expression_practical_ensemble,1,tissue_independent_mmr@250,sample_gene_z,tissue_independent_mmr,250,0.5,89,sample_gene_z,COPS3,COPS3,,0.7370806940195417,0.17304536369998777,-0.22472590230789094,-5.477383483069421
1,mmr_expression_practical_ensemble,1,tissue_independent_mmr@250,sample_gene_z,tissue_independent_mmr,250,0.5,90,sample_gene_z,TIPIN,TIPIN,,-0.35996405693301764,0.2875687766181522,-0.26212858771255687,-5.477383483069421
1,mmr_expression_practical_ensemble,1,tissue_independent_mmr@250,sample_gene_z,tissue_independent_mmr,250,0.5,91,sample_gene_z,RNPEP,RNPEP,,1.1602729119994442,0.17892003438355097,0.6260026050996738,-5.477383483069421
1,mmr_expression_practical_ensemble,1,tissue_independent_mmr@250,sample_gene_z,tissue_independent_mmr,250,0.5,92,sample_gene_z,PLB1,PLB1,,-0.7751109307646253,0.44302633137313974,-0.29568353551967347,-5.477383483069421
1,mmr_expression_practical_ensemble,1,tissue_independent_mmr@250,sample_gene_z,tissue_independent_mmr,250,0.5,93,sample_gene_z,GNPNAT1,GNPNAT1,,0.964466006674331,0.2501504814963386,0.04365161087186907,-5.477383483069421
1,mmr_expression_practical_ensemble,1,tissue_independent_mmr@250,sample_gene_z,tissue_independent_mmr,250,0.5,94,sample_gene_z,C14orf169,C14orf169,,0.13065255264207823,0.22728796097320436,-0.40038852996026886,-5.477383483069421
1,mmr_expression_practical_ensemble,1,tissue_independent_mmr@250,sample_gene_z,tissue_independent_mmr,250,0.5,95,sample_gene_z,LRRN1,LRRN1,,-0.9436151988540066,0.8445079149541536,-0.15710689973277767,-5.477383483069421
1,mmr_expression_practical_ensemble,1,tissue_independent_mmr@250,sample_gene_z,tissue_independent_mmr,250,0.5,96,sample_gene_z,BCL11A,BCL11A,,-0.031239472043293585,0.5659311410176994,-0.17019198863624388,-5.477383483069421
1,mmr_expression_practical_ensemble,1,tissue_independent_mmr@250,sample_gene_z,tissue_independent_mmr,250,0.5,97,sample_gene_z,C7orf31,C7orf31,,-0.5096383159127764,0.32868783474336905,0.06115643639377809,-5.477383483069421
1,mmr_expression_practical_ensemble,1,tissue_independent_mmr@250,sample_gene_z,tissue_independent_mmr,250,0.5,98,sample_gene_z,ZADH2,ZADH2,,0.5992865642433735,0.2198774626814389,0.30219171509577314,-5.477383483069421
1,mmr_expression_practical_ensemble,1,tissue_independent_mmr@250,sample_gene_z,tissue_independent_mmr,250,0.5,99,sample_gene_z,TOP3A,TOP3A,,0.29873883993078587,0.20404713990927761,0.8510024919410611,-5.477383483069421
1,mmr_expression_practical_ensemble,1,tissue_independent_mmr@250,sample_gene_z,tissue_independent_mmr,250,0.5,100,sample_gene_z,LEPROTL1,LEPROTL1,,0.7011123527595795,0.20529035954428046,0.2702038360798986,-5.477383483069421
1,mmr_expression_practical_ensemble,1,tissue_independent_mmr@250,sample_gene_z,tissue_independent_mmr,250,0.5,101,sample_gene_z,CCDC109B,CCDC109B,,-0.07860228347291434,0.3655736527502319,-0.5301635899357717,-5.477383483069421
1,mmr_expression_practical_ensemble,1,tissue_independent_mmr@250,sample_gene_z,tissue_independent_mmr,250,0.5,102,sample_gene_z,GINS3,GINS3,,-0.027194896476435977,0.2585320838896809,-0.26616463382140687,-5.477383483069421
1,mmr_expression_practical_ensemble,1,tissue_independent_mmr@250,sample_gene_z,tissue_independent_mmr,250,0.5,103,sample_gene_z,GLOD4,GLOD4,,0.857783831081358,0.16218642329430943,0.12104708543734519,-5.477383483069421
1,mmr_expression_practical_ensemble,1,tissue_independent_mmr@250,sample_gene_z,tissue_independent_mmr,250,0.5,104,sample_gene_z,CEP78,CEP78,,0.1523903658317451,0.23611918398997597,-0.1755800977060074,-5.477383483069421
1,mmr_expression_practical_ensemble,1,tissue_independent_mmr@250,sample_gene_z,tissue_independent_mmr,250,0.5,105,sample_gene_z,KCNMB4,KCNMB4,,-0.7273910644914942,0.5465972178221415,-0.05658862482015715,-5.477383483069421
1,mmr_expression_practical_ensemble,1,tissue_independent_mmr@250,sample_gene_z,tissue_independent_mmr,250,0.5,106,sample_gene_z,KIR2DL4,KIR2DL4,,-1.998702969551006,0.6136887681124996,0.34632564758407347,-5.477383483069421
1,mmr_expression_practical_ensemble,1,tissue_independent_mmr@250,sample_gene_z,tissue_independent_mmr,250,0.5,107,sample_gene_z,ATP5E,ATP5E,,1.569369536979044,0.22929348079460027,-0.8293420771794668,-5.477383483069421
1,mmr_expression_practical_ensemble,1,tissue_independent_mmr@250,sample_gene_z,tissue_independent_mmr,250,0.5,108,sample_gene_z,USP27X,USP27X,,-0.4231053729785158,0.22665946068817702,0.10124659682776563,-5.477383483069421
1,mmr_expression_practical_ensemble,1,tissue_independent_mmr@250,sample_gene_z,tissue_independent_mmr,250,0.5,109,sample_gene_z,VWA5B1,VWA5B1,,-2.0628425934672587,0.6983339706431098,-0.7211516518275731,-5.477383483069421
1,mmr_expression_practical_ensemble,1,tissue_independent_mmr@250,sample_gene_z,tissue_independent_mmr,250,0.5,110,sample_gene_z,ATOH8,ATOH8,,-0.6567110290377631,0.520429810983704,0.34301869501915333,-5.477383483069421
1,mmr_expression_practical_ensemble,1,tissue_independent_mmr@250,sample_gene_z,tissue_independent_mmr,250,0.5,111,sample_gene_z,GTF2A2,GTF2A2,,0.6487820102238727,0.24288781969576673,0.48472928223193057,-5.477383483069421
1,mmr_expression_practical_ensemble,1,tissue_independent_mmr@250,sample_gene_z,tissue_independent_mmr,250,0.5,112,sample_gene_z,NEURL2,NEURL2,,-0.9237273872686654,0.3250963669143759,0.5144025240316964,-5.477383483069421
1,mmr_expression_practical_ensemble,1,tissue_independent_mmr@250,sample_gene_z,tissue_independent_mmr,250,0.5,113,sample_gene_z,ATP5A1,ATP5A1,,1.8149537740010693,0.17987717966642955,-0.4015387083631298,-5.477383483069421
1,mmr_expression_practical_ensemble,1,tissue_independent_mmr@250,sample_gene_z,tissue_independent_mmr,250,0.5,114,sample_gene_z,NPY1R,NPY1R,,-1.437946094135166,0.665021741444522,-0.4593251951685126,-5.477383483069421
1,mmr_expression_practical_ensemble,1,tissue_independent_mmr@250,sample_gene_z,tissue_independent_mmr,250,0.5,115,sample_gene_z,KIAA0355,KIAA0355,,0.5331027748458489,0.19241196739383376,-0.37270843033358514,-5.477383483069421
1,mmr_expression_practical_ensemble,1,tissue_independent_mmr@250,sample_gene_z,tissue_independent_mmr,250,0.5,116,sample_gene_z,TXNDC9,TXNDC9,,0.49307924863363456,0.21589019313721197,-0.2699133559011557,-5.477383483069421
1,mmr_expression_practical_ensemble,1,tissue_independent_mmr@250,sample_gene_z,tissue_independent_mmr,250,0.5,117,sample_gene_z,EIF4A1,EIF4A1,,1.9505098544952866,0.15934185131672202,0.02572379177998592,-5.477383483069421
1,mmr_expression_practical_ensemble,1,tissue_independent_mmr@250,sample_gene_z,tissue_independent_mmr,250,0.5,118,sample_gene_z,CTTNBP2,CTTNBP2,,-0.3642352815129441,0.6492282737293504,-0.19043394907106898,-5.477383483069421
1,mmr_expression_practical_ensemble,1,tissue_independent_mmr@250,sample_gene_z,tissue_independent_mmr,250,0.5,119,sample_gene_z,WDR76,WDR76,,-0.07121637050665262,0.3227464572706424,-0.012648574568170317,-5.477383483069421
1,mmr_expression_practical_ensemble,1,tissue_independent_mmr@250,sample_gene_z,tissue_independent_mmr,250,0.5,120,sample_gene_z,CHAF1B,CHAF1B,,0.04708253597137047,0.2845300315890755,0.2836590620920598,-5.477383483069421
1,mmr_expression_practical_ensemble,1,tissue_independent_mmr@250,sample_gene_z,tissue_independent_mmr,250,0.5,121,sample_gene_z,TSPAN31,TSPAN31,,0.649477334713457,0.2252389351944368,-0.042983907738006234,-5.477383483069421
1,mmr_expression_practical_ensemble,1,tissue_independent_mmr@250,sample_gene_z,tissue_independent_mmr,250,0.5,122,sample_gene_z,PRTFDC1,PRTFDC1,,-0.177471909972476,0.3895209452737912,-0.12071634036185887,-5.477383483069421
1,mmr_expression_practical_ensemble,1,tissue_independent_mmr@250,sample_gene_z,tissue_independent_mmr,250,0.5,123,sample_gene_z,SFXN1,SFXN1,,0.6651550083350118,0.20861414830549618,-0.931782061269571,-5.477383483069421
1,mmr_expression_practical_ensemble,1,tissue_independent_mmr@250,sample_gene_z,tissue_independent_mmr,250,0.5,124,sample_gene_z,HIF3A,HIF3A,,-0.9791267605017433,0.7688693877597151,-0.47073822800255466,-5.477383483069421
1,mmr_expression_practical_ensemble,1,tissue_independent_mmr@250,sample_gene_z,tissue_independent_mmr,250,0.5,125,sample_gene_z,C14orf128,C14orf128,,-0.6238415887520019,0.27764895261712236,-0.6990607352698897,-5.477383483069421
1,mmr_expression_practical_ensemble,1,tissue_independent_mmr@250,sample_gene_z,tissue_independent_mmr,250,0.5,126,sample_gene_z,CPNE1,CPNE1,,1.3477931234306344,0.30892039394005516,0.3621427392345666,-5.477383483069421
1,mmr_expression_practical_ensemble,1,tissue_independent_mmr@250,sample_gene_z,tissue_independent_mmr,250,0.5,127,sample_gene_z,E2F7,E2F7,,-0.18066789827969063,0.3970189371357633,0.03749134962978905,-5.477383483069421
1,mmr_expression_practical_ensemble,1,tissue_independent_mmr@250,sample_gene_z,tissue_independent_mmr,250,0.5,128,sample_gene_z,TMEM132C,TMEM132C,,-1.8237492003674103,0.7273237092787365,-0.09329916350751392,-5.477383483069421
1,mmr_expression_practical_ensemble,1,tissue_independent_mmr@250,sample_gene_z,tissue_independent_mmr,250,0.5,129,sample_gene_z,DTL,DTL,,0.31725211444585977,0.2978967273386369,0.4370631487189141,-5.477383483069421
1,mmr_expression_practical_ensemble,1,tissue_independent_mmr@250,sample_gene_z,tissue_independent_mmr,250,0.5,130,sample_gene_z,C18orf56,C18orf56,,-1.163970493633259,0.484977212980962,-0.611796917011269,-5.477383483069421
1,mmr_expression_practical_ensemble,1,tissue_independent_mmr@250,sample_gene_z,tissue_independent_mmr,250,0.5,131,sample_gene_z,NSMCE2,NSMCE2,,0.1740208307385247,0.19736062281671327,-0.6696827285643111,-5.477383483069421
1,mmr_expression_practical_ensemble,1,tissue_independent_mmr@250,sample_gene_z,tissue_independent_mmr,250,0.5,132,sample_gene_z,WARS,WARS,,1.3534820128019616,0.314988202128928,-0.39376985249707414,-5.477383483069421
1,mmr_expression_practical_ensemble,1,tissue_independent_mmr@250,sample_gene_z,tissue_independent_mmr,250,0.5,133,sample_gene_z,CEP68,CEP68,,0.44480379983709745,0.20163195715643964,-0.2978731814271361,-5.477383483069421
1,mmr_expression_practical_ensemble,1,tissue_independent_mmr@250,sample_gene_z,tissue_independent_mmr,250,0.5,134,sample_gene_z,SLC7A4,SLC7A4,,-0.8470008312197188,0.7312422119657578,-0.5318913638035603,-5.477383483069421
1,mmr_expression_practical_ensemble,1,tissue_independent_mmr@250,sample_gene_z,tissue_independent_mmr,250,0.5,135,sample_gene_z,RPS27L,RPS27L,,0.8090782049491588,0.28215503377647105,0.46145761364675614,-5.477383483069421
1,mmr_expression_practical_ensemble,1,tissue_independent_mmr@250,sample_gene_z,tissue_independent_mmr,250,0.5,136,sample_gene_z,CPE,CPE,,0.29653136193618823,0.5159310755468003,-0.580399670224186,-5.477383483069421
1,mmr_expression_practical_ensemble,1,tissue_independent_mmr@250,sample_gene_z,tissue_independent_mmr,250,0.5,137,sample_gene_z,PTP4A3,PTP4A3,,0.6294371671830705,0.40962553939529317,0.35898343547597433,-5.477383483069421
1,mmr_expression_practical_ensemble,1,tissue_independent_mmr@250,sample_gene_z,tissue_independent_mmr,250,0.5,138,sample_gene_z,SLCO3A1,SLCO3A1,,0.19781856831732347,0.40110798628283734,-0.30446389339524044,-5.477383483069421
1,mmr_expression_practical_ensemble,1,tissue_independent_mmr@250,sample_gene_z,tissue_independent_mmr,250,0.5,139,sample_gene_z,SRCIN1,SRCIN1,,-0.3077160701598245,0.5257543260496493,-0.1621674655089611,-5.477383483069421
1,mmr_expression_practical_ensemble,1,tissue_independent_mmr@250,sample_gene_z,tissue_independent_mmr,250,0.5,140,sample_gene_z,CHAF1A,CHAF1A,,0.4879302608965808,0.24038323069679549,0.24346971971395606,-5.477383483069421
1,mmr_expression_practical_ensemble,1,tissue_independent_mmr@250,sample_gene_z,tissue_independent_mmr,250,0.5,141,sample_gene_z,C8orf41,C8orf41,,0.07430541893550406,0.24233022167736365,-0.22631778572506625,-5.477383483069421
1,mmr_expression_practical_ensemble,1,tissue_independent_mmr@250,sample_gene_z,tissue_independent_mmr,250,0.5,142,sample_gene_z,PIGT,PIGT,,1.5054189540126928,0.23755576809923823,0.28190631150342615,-5.477383483069421
1,mmr_expression_practical_ensemble,1,tissue_independent_mmr@250,sample_gene_z,tissue_independent_mmr,250,0.5,143,sample_gene_z,STIM2,STIM2,,0.40486932621220706,0.21448043205723558,0.06338311845766044,-5.477383483069421
1,mmr_expression_practical_ensemble,1,tissue_independent_mmr@250,sample_gene_z,tissue_independent_mmr,250,0.5,144,sample_gene_z,KSR1,KSR1,,0.31709327513903396,0.26665415879740345,-0.1748485489451908,-5.477383483069421
1,mmr_expression_practical_ensemble,1,tissue_independent_mmr@250,sample_gene_z,tissue_independent_mmr,250,0.5,145,sample_gene_z,USP27X-DT,USP27X-DT,,-1.2695521283567772,0.2896732238613983,-0.13672183943483782,-5.477383483069421
1,mmr_expression_practical_ensemble,1,tissue_independent_mmr@250,sample_gene_z,tissue_independent_mmr,250,0.5,146,sample_gene_z,CRCP,CRCP,,0.7671791738248955,0.16295783315659132,-0.011219101896260065,-5.477383483069421
1,mmr_expression_practical_ensemble,1,tissue_independent_mmr@250,sample_gene_z,tissue_independent_mmr,250,0.5,147,sample_gene_z,ADNP2,ADNP2,,0.47829800999913236,0.19737945913886196,0.09594605672024109,-5.477383483069421
1,mmr_expression_practical_ensemble,1,tissue_independent_mmr@250,sample_gene_z,tissue_independent_mmr,250,0.5,148,sample_gene_z,C20orf43,C20orf43,,1.154214055274554,0.16784075164119228,0.3193089601570038,-5.477383483069421
1,mmr_expression_practical_ensemble,1,tissue_independent_mmr@250,sample_gene_z,tissue_independent_mmr,250,0.5,149,sample_gene_z,SDR42E1,SDR42E1,,-0.5823398996673947,0.7081131391225138,-0.48735387056890017,-5.477383483069421
1,mmr_expression_practical_ensemble,1,tissue_independent_mmr@250,sample_gene_z,tissue_independent_mmr,250,0.5,150,sample_gene_z,C18orf55,C18orf55,,0.1282974820043653,0.21990216207226512,0.12155339143339884,-5.477383483069421
1,mmr_expression_practical_ensemble,1,tissue_independent_mmr@250,sample_gene_z,tissue_independent_mmr,250,0.5,151,sample_gene_z,SLC13A3,SLC13A3,,-0.79465016455834,0.7061919601449536,0.5313784667631589,-5.477383483069421
1,mmr_expression_practical_ensemble,1,tissue_independent_mmr@250,sample_gene_z,tissue_independent_mmr,250,0.5,152,sample_gene_z,THRB,THRB,,-0.3634439976553195,0.6361003520618871,-0.015710282172221382,-5.477383483069421
1,mmr_expression_practical_ensemble,1,tissue_independent_mmr@250,sample_gene_z,tissue_independent_mmr,250,0.5,153,sample_gene_z,HEPHL1,HEPHL1,,-1.8265788759427197,0.7009757965662752,-0.17405018538792363,-5.477383483069421
1,mmr_expression_practical_ensemble,1,tissue_independent_mmr@250,sample_gene_z,tissue_independent_mmr,250,0.5,154,sample_gene_z,PSME2,PSME2,,1.2598258313468307,0.2609242934854358,-0.23974320195450177,-5.477383483069421
1,mmr_expression_practical_ensemble,1,tissue_independent_mmr@250,sample_gene_z,tissue_independent_mmr,250,0.5,155,sample_gene_z,PGGT1B,PGGT1B,,0.26688447422714884,0.21772952722056954,0.4748470579951396,-5.477383483069421
1,mmr_expression_practical_ensemble,1,tissue_independent_mmr@250,sample_gene_z,tissue_independent_mmr,250,0.5,156,sample_gene_z,GLYR1,GLYR1,,1.1550585363690842,0.1806084699296266,-0.142624199366551,-5.477383483069421
1,mmr_expression_practical_ensemble,1,tissue_independent_mmr@250,sample_gene_z,tissue_independent_mmr,250,0.5,157,sample_gene_z,ERGIC3,ERGIC3,,1.6432915416116898,0.23078161731378039,0.5229375162143831,-5.477383483069421
1,mmr_expression_practical_ensemble,1,tissue_independent_mmr@250,sample_gene_z,tissue_independent_mmr,250,0.5,158,sample_gene_z,WNT5B,WNT5B,,-0.4418810640066915,0.5155467447003698,0.07561994237930733,-5.477383483069421
1,mmr_expression_practical_ensemble,1,tissue_independent_mmr@250,sample_gene_z,tissue_independent_mmr,250,0.5,159,sample_gene_z,FHOD3,FHOD3,,-0.4608650910786624,0.48638995133753093,-0.48928825383487284,-5.477383483069421
1,mmr_expression_practical_ensemble,1,tissue_independent_mmr@250,sample_gene_z,tissue_independent_mmr,250,0.5,160,sample_gene_z,ERI1,ERI1,,0.2934190842817837,0.29207902974481104,0.1775390240870327,-5.477383483069421
1,mmr_expression_practical_ensemble,1,tissue_independent_mmr@250,sample_gene_z,tissue_independent_mmr,250,0.5,161,sample_gene_z,MAP2K3,MAP2K3,,0.966406415538073,0.21190326750926147,-0.002972299186520248,-5.477383483069421
1,mmr_expression_practical_ensemble,1,tissue_independent_mmr@250,sample_gene_z,tissue_independent_mmr,250,0.5,162,sample_gene_z,FUNDC2,FUNDC2,,0.8065368263820649,0.18629639662680947,0.08326923119130841,-5.477383483069421
1,mmr_expression_practical_ensemble,1,tissue_independent_mmr@250,sample_gene_z,tissue_independent_mmr,250,0.5,163,sample_gene_z,ITGAE,ITGAE,,0.09023560304209498,0.25334230221980547,0.7632323566193332,-5.477383483069421
1,mmr_expression_practical_ensemble,1,tissue_independent_mmr@250,sample_gene_z,tissue_independent_mmr,250,0.5,164,sample_gene_z,HSPH1,HSPH1,,1.3609504465008384,0.28990881362500154,0.2853630991319374,-5.477383483069421
1,mmr_expression_practical_ensemble,1,tissue_independent_mmr@250,sample_gene_z,tissue_independent_mmr,250,0.5,165,sample_gene_z,RBM39,RBM39,,1.461629562806414,0.18034428352620524,0.10563893985636635,-5.477383483069421
1,mmr_expression_practical_ensemble,1,tissue_independent_mmr@250,sample_gene_z,tissue_independent_mmr,250,0.5,166,sample_gene_z,TNFSF9,TNFSF9,,-0.727597726456423,0.7214208198059765,-0.06404605533258223,-5.477383483069421
1,mmr_expression_practical_ensemble,1,tissue_independent_mmr@250,sample_gene_z,tissue_independent_mmr,250,0.5,167,sample_gene_z,SAAL1,SAAL1,,0.06939918518614455,0.22557819148728606,0.6326885749234671,-5.477383483069421
1,mmr_expression_practical_ensemble,1,tissue_independent_mmr@250,sample_gene_z,tissue_independent_mmr,250,0.5,168,sample_gene_z,ZSCAN12,ZSCAN12,,-0.4132013429434147,0.27364741129791903,0.05880566613110229,-5.477383483069421
1,mmr_expression_practical_ensemble,1,tissue_independent_mmr@250,sample_gene_z,tissue_independent_mmr,250,0.5,169,sample_gene_z,MYO5C,MYO5C,,0.7246812951544358,0.30957637515390785,0.3409970785178053,-5.477383483069421
1,mmr_expression_practical_ensemble,1,tissue_independent_mmr@250,sample_gene_z,tissue_independent_mmr,250,0.5,170,sample_gene_z,LINC00653,LINC00653,,-1.2655868464719453,0.36652575966189765,0.07561616513432479,-5.477383483069421
1,mmr_expression_practical_ensemble,1,tissue_independent_mmr@250,sample_gene_z,tissue_independent_mmr,250,0.5,171,sample_gene_z,RNLS,RNLS,,-0.7994347622207258,0.5898593452677349,0.5875499552727942,-5.477383483069421
1,mmr_expression_practical_ensemble,1,tissue_independent_mmr@250,sample_gene_z,tissue_independent_mmr,250,0.5,172,sample_gene_z,LINC00910,LINC00910,,-0.8911472167404946,0.2849303163115756,0.20094982947540707,-5.477383483069421
1,mmr_expression_practical_ensemble,1,tissue_independent_mmr@250,sample_gene_z,tissue_independent_mmr,250,0.5,173,sample_gene_z,UPF3A,UPF3A,,0.5353660574666199,0.21121237908441953,-0.3550762742787395,-5.477383483069421
1,mmr_expression_practical_ensemble,1,tissue_independent_mmr@250,sample_gene_z,tissue_independent_mmr,250,0.5,174,sample_gene_z,SALL4,SALL4,,-0.871387821894265,0.612052746254097,-0.21796656778032322,-5.477383483069421
1,mmr_expression_practical_ensemble,1,tissue_independent_mmr@250,sample_gene_z,tissue_independent_mmr,250,0.5,175,sample_gene_z,KCNT1,KCNT1,,-2.0451974826958277,0.6682214145878211,0.3337255469445617,-5.477383483069421
1,mmr_expression_practical_ensemble,1,tissue_independent_mmr@250,sample_gene_z,tissue_independent_mmr,250,0.5,176,sample_gene_z,C1orf175,C1orf175,,-0.9209607938163343,0.541229219013523,0.03893070090912412,-5.477383483069421
1,mmr_expression_practical_ensemble,1,tissue_independent_mmr@250,sample_gene_z,tissue_independent_mmr,250,0.5,177,sample_gene_z,WDTC1,WDTC1,,0.9535218869734434,0.24447948596622468,-0.8770114885929213,-5.477383483069421
1,mmr_expression_practical_ensemble,1,tissue_independent_mmr@250,sample_gene_z,tissue_independent_mmr,250,0.5,178,sample_gene_z,HCG18,HCG18,,0.33844116643849004,0.16744131573683516,0.2833516296467329,-5.477383483069421
1,mmr_expression_practical_ensemble,1,tissue_independent_mmr@250,sample_gene_z,tissue_independent_mmr,250,0.5,179,sample_gene_z,SLC25A13,SLC25A13,,0.657857371842143,0.19740776880488792,-0.34086373376478335,-5.477383483069421
1,mmr_expression_practical_ensemble,1,tissue_independent_mmr@250,sample_gene_z,tissue_independent_mmr,250,0.5,180,sample_gene_z,TAF9,TAF9,,0.8642602801449161,0.16417648094591492,0.4119789327332224,-5.477383483069421
1,mmr_expression_practical_ensemble,1,tissue_independent_mmr@250,sample_gene_z,tissue_independent_mmr,250,0.5,181,sample_gene_z,FAM63A,FAM63A,,0.2480396882802967,0.26721348870922074,-0.06968538162362288,-5.477383483069421
1,mmr_expression_practical_ensemble,1,tissue_independent_mmr@250,sample_gene_z,tissue_independent_mmr,250,0.5,182,sample_gene_z,ELAC2,ELAC2,,0.9185519970019479,0.17504258712535609,0.1760046646246105,-5.477383483069421
1,mmr_expression_practical_ensemble,1,tissue_independent_mmr@250,sample_gene_z,tissue_independent_mmr,250,0.5,183,sample_gene_z,NAGA,NAGA,,0.7574170745755914,0.17479031355744615,0.9139998241701343,-5.477383483069421
1,mmr_expression_practical_ensemble,1,tissue_independent_mmr@250,sample_gene_z,tissue_independent_mmr,250,0.5,184,sample_gene_z,TEAD1,TEAD1,,0.8628129353573761,0.2567796350002051,-0.3544938506946014,-5.477383483069421
1,mmr_expression_practical_ensemble,1,tissue_independent_mmr@250,sample_gene_z,tissue_independent_mmr,250,0.5,185,sample_gene_z,RNF182,RNF182,,-1.512575184006947,0.7774514877232265,0.07382455428051375,-5.477383483069421
1,mmr_expression_practical_ensemble,1,tissue_independent_mmr@250,sample_gene_z,tissue_independent_mmr,250,0.5,186,sample_gene_z,MND1,MND1,,-0.397012025973824,0.39681861132816776,-0.0017824179788250522,-5.477383483069421
1,mmr_expression_practical_ensemble,1,tissue_independent_mmr@250,sample_gene_z,tissue_independent_mmr,250,0.5,187,sample_gene_z,REEP1,REEP1,,-0.5712990008214534,0.6109965373279007,0.5433591047513273,-5.477383483069421
1,mmr_expression_practical_ensemble,1,tissue_independent_mmr@250,sample_gene_z,tissue_independent_mmr,250,0.5,188,sample_gene_z,WDR55,WDR55,,0.44835587859610415,0.1747536289850021,0.6280942936775243,-5.477383483069421
1,mmr_expression_practical_ensemble,1,tissue_independent_mmr@250,sample_gene_z,tissue_independent_mmr,250,0.5,189,sample_gene_z,GALNT7,GALNT7,,1.0278598941268435,0.3174822855677289,0.5129501504390427,-5.477383483069421
1,mmr_expression_practical_ensemble,1,tissue_independent_mmr@250,sample_gene_z,tissue_independent_mmr,250,0.5,190,sample_gene_z,IL34,IL34,,-0.6531086794121749,0.4074310958695878,-0.24312320648569305,-5.477383483069421
1,mmr_expression_practical_ensemble,1,tissue_independent_mmr@250,sample_gene_z,tissue_independent_mmr,250,0.5,191,sample_gene_z,COX15,COX15,,0.7758866978219211,0.1522638552580957,-0.41023652702518404,-5.477383483069421
1,mmr_expression_practical_ensemble,1,tissue_independent_mmr@250,sample_gene_z,tissue_independent_mmr,250,0.5,192,sample_gene_z,PRPF6,PRPF6,,1.3429690951713316,0.22702475170203673,0.0032806408995663013,-5.477383483069421
1,mmr_expression_practical_ensemble,1,tissue_independent_mmr@250,sample_gene_z,tissue_independent_mmr,250,0.5,193,sample_gene_z,DMD,DMD,,-0.09034106738666242,0.5160127977657868,-0.2453237695068736,-5.477383483069421
1,mmr_expression_practical_ensemble,1,tissue_independent_mmr@250,sample_gene_z,tissue_independent_mmr,250,0.5,194,sample_gene_z,ABCC4,ABCC4,,0.29901320424120514,0.36185029210757086,0.0694074660519478,-5.477383483069421
1,mmr_expression_practical_ensemble,1,tissue_independent_mmr@250,sample_gene_z,tissue_independent_mmr,250,0.5,195,sample_gene_z,GNLY,GNLY,,-0.6468082322574299,0.6552275833207007,-0.2882568367223954,-5.477383483069421
1,mmr_expression_practical_ensemble,1,tissue_independent_mmr@250,sample_gene_z,tissue_independent_mmr,250,0.5,196,sample_gene_z,VSTM2L,VSTM2L,,-1.1846302293585487,0.7228214183397931,-0.4093968673583138,-5.477383483069421
1,mmr_expression_practical_ensemble,1,tissue_independent_mmr@250,sample_gene_z,tissue_independent_mmr,250,0.5,197,sample_gene_z,SEC63,SEC63,,1.1008613592198342,0.17821496427696093,-0.4236600497946006,-5.477383483069421
1,mmr_expression_practical_ensemble,1,tissue_independent_mmr@250,sample_gene_z,tissue_independent_mmr,250,0.5,198,sample_gene_z,ITGB7,ITGB7,,-0.12133620561234916,0.41820947225426297,-0.07881822299162863,-5.477383483069421
1,mmr_expression_practical_ensemble,1,tissue_independent_mmr@250,sample_gene_z,tissue_independent_mmr,250,0.5,199,sample_gene_z,HIST4H4,HIST4H4,,-1.5144506475455726,0.328797367197701,0.5274028051330956,-5.477383483069421
1,mmr_expression_practical_ensemble,1,tissue_independent_mmr@250,sample_gene_z,tissue_independent_mmr,250,0.5,200,sample_gene_z,KIF3B,KIF3B,,1.0836198904418801,0.19565711447020798,-0.46300707479153325,-5.477383483069421
1,mmr_expression_practical_ensemble,1,tissue_independent_mmr@250,sample_gene_z,tissue_independent_mmr,250,0.5,201,sample_gene_z,FAS,FAS,,0.06404112349355663,0.3813749701406477,-0.36819899885124224,-5.477383483069421
1,mmr_expression_practical_ensemble,1,tissue_independent_mmr@250,sample_gene_z,tissue_independent_mmr,250,0.5,202,sample_gene_z,CCL3,CCL3,,-0.49996881605379956,0.5423667212195196,-0.08944331607201822,-5.477383483069421
1,mmr_expression_practical_ensemble,1,tissue_independent_mmr@250,sample_gene_z,tissue_independent_mmr,250,0.5,203,sample_gene_z,SLC2A12,SLC2A12,,-0.01685145022415185,0.4191948677400129,0.6207611512507093,-5.477383483069421
1,mmr_expression_practical_ensemble,1,tissue_independent_mmr@250,sample_gene_z,tissue_independent_mmr,250,0.5,204,sample_gene_z,LAMP1,LAMP1,,1.7512097188570932,0.21638397832387063,0.06282950202519375,-5.477383483069421
1,mmr_expression_practical_ensemble,1,tissue_independent_mmr@250,sample_gene_z,tissue_independent_mmr,250,0.5,205,sample_gene_z,MS4A15,MS4A15,,-2.0030594948729665,0.6363946237933393,-0.025243638170761626,-5.477383483069421
1,mmr_expression_practical_ensemble,1,tissue_independent_mmr@250,sample_gene_z,tissue_independent_mmr,250,0.5,206,sample_gene_z,TRIM36,TRIM36,,-0.42465196028003915,0.5294223022579478,0.9248284891723029,-5.477383483069421
1,mmr_expression_practical_ensemble,1,tissue_independent_mmr@250,sample_gene_z,tissue_independent_mmr,250,0.5,207,sample_gene_z,CXCL9,CXCL9,,0.1666463475784763,0.7840586863483825,0.7205234527830654,-5.477383483069421
1,mmr_expression_practical_ensemble,1,tissue_independent_mmr@250,sample_gene_z,tissue_independent_mmr,250,0.5,208,sample_gene_z,FDXR,FDXR,,0.31974823441381045,0.343036617359532,-0.21039743287934945,-5.477383483069421
1,mmr_expression_practical_ensemble,1,tissue_independent_mmr@250,sample_gene_z,tissue_independent_mmr,250,0.5,209,sample_gene_z,F10,F10,,-0.8136995939776094,0.6246190719670702,0.04669877446319887,-5.477383483069421
1,mmr_expression_practical_ensemble,1,tissue_independent_mmr@250,sample_gene_z,tissue_independent_mmr,250,0.5,210,sample_gene_z,ZNF608,ZNF608,,0.09048038621978478,0.3944060170414855,0.29419299867436194,-5.477383483069421
1,mmr_expression_practical_ensemble,1,tissue_independent_mmr@250,sample_gene_z,tissue_independent_mmr,250,0.5,211,sample_gene_z,DUSP4,DUSP4,,0.10730922944900784,0.6262515543178396,0.7711804789622494,-5.477383483069421
1,mmr_expression_practical_ensemble,1,tissue_independent_mmr@250,sample_gene_z,tissue_independent_mmr,250,0.5,212,sample_gene_z,MAGI2,MAGI2,,-0.6738052495128862,0.33657410950873856,0.37056196272450764,-5.477383483069421
1,mmr_expression_practical_ensemble,1,tissue_independent_mmr@250,sample_gene_z,tissue_independent_mmr,250,0.5,213,sample_gene_z,HDAC5,HDAC5,,0.7022687876041035,0.24890494568812285,-0.09601924947026932,-5.477383483069421
1,mmr_expression_practical_ensemble,1,tissue_independent_mmr@250,sample_gene_z,tissue_independent_mmr,250,0.5,214,sample_gene_z,TIGIT,TIGIT,,-0.9705192902071814,0.570494684347954,0.4571241858921429,-5.477383483069421
1,mmr_expression_practical_ensemble,1,tissue_independent_mmr@250,sample_gene_z,tissue_independent_mmr,250,0.5,215,sample_gene_z,PRF1,PRF1,,-0.3375024567731825,0.5105468272510264,-0.5418211478421486,-5.477383483069421
1,mmr_expression_practical_ensemble,1,tissue_independent_mmr@250,sample_gene_z,tissue_independent_mmr,250,0.5,216,sample_gene_z,TMCO1,TMCO1,,1.0697126553679255,0.3318501780352513,-0.26320357251215404,-5.477383483069421
1,mmr_expression_practical_ensemble,1,tissue_independent_mmr@250,sample_gene_z,tissue_independent_mmr,250,0.5,217,sample_gene_z,C1orf59,C1orf59,,-0.03364899242901452,0.5076533199167644,-0.3493415574571763,-5.477383483069421
1,mmr_expression_practical_ensemble,1,tissue_independent_mmr@250,sample_gene_z,tissue_independent_mmr,250,0.5,218,sample_gene_z,NCK2,NCK2,,0.8562450792910437,0.19554570325536752,0.865337144883525,-5.477383483069421
1,mmr_expression_practical_ensemble,1,tissue_independent_mmr@250,sample_gene_z,tissue_independent_mmr,250,0.5,219,sample_gene_z,SLBP,SLBP,,0.8234064686766553,0.17903041540332643,0.04474259165668409,-5.477383483069421
1,mmr_expression_practical_ensemble,1,tissue_independent_mmr@250,sample_gene_z,tissue_independent_mmr,250,0.5,220,sample_gene_z,ARPM1,ARPM1,,-0.85564714933297,0.3298461649485279,-0.2446527265319369,-5.477383483069421
1,mmr_expression_practical_ensemble,1,tissue_independent_mmr@250,sample_gene_z,tissue_independent_mmr,250,0.5,221,sample_gene_z,HEATR4,HEATR4,,-1.9722746790454904,0.3832252611900152,-0.19673818642936014,-5.477383483069421
1,mmr_expression_practical_ensemble,1,tissue_independent_mmr@250,sample_gene_z,tissue_independent_mmr,250,0.5,222,sample_gene_z,C1orf103,C1orf103,,0.1904146615168904,0.32522344440101936,0.5206502505689796,-5.477383483069421
1,mmr_expression_practical_ensemble,1,tissue_independent_mmr@250,sample_gene_z,tissue_independent_mmr,250,0.5,223,sample_gene_z,KIAA1826,KIAA1826,,0.1254544655411526,0.2685255485934561,-0.2934007609084712,-5.477383483069421
1,mmr_expression_practical_ensemble,1,tissue_independent_mmr@250,sample_gene_z,tissue_independent_mmr,250,0.5,224,sample_gene_z,TSR2,TSR2,,0.6821786117186198,0.19332978943061443,0.13391403413872036,-5.477383483069421
1,mmr_expression_practical_ensemble,1,tissue_independent_mmr@250,sample_gene_z,tissue_independent_mmr,250,0.5,225,sample_gene_z,CIB1,CIB1,,1.2563744921559834,0.2563649294171496,0.19455737321816388,-5.477383483069421
1,mmr_expression_practical_ensemble,1,tissue_independent_mmr@250,sample_gene_z,tissue_independent_mmr,250,0.5,226,sample_gene_z,ELL3,ELL3,,0.09182874716151374,0.3006882590180336,0.5305311997638787,-5.477383483069421
1,mmr_expression_practical_ensemble,1,tissue_independent_mmr@250,sample_gene_z,tissue_independent_mmr,250,0.5,227,sample_gene_z,ZSWIM3,ZSWIM3,,-0.2741692857314557,0.26022370962393765,-0.30195172017524097,-5.477383483069421
1,mmr_expression_practical_ensemble,1,tissue_independent_mmr@250,sample_gene_z,tissue_independent_mmr,250,0.5,228,sample_gene_z,KBTBD12,KBTBD12,,-1.3982031623907036,0.8043683643319,-0.36252980792255557,-5.477383483069421
1,mmr_expression_practical_ensemble,1,tissue_independent_mmr@250,sample_gene_z,tissue_independent_mmr,250,0.5,229,sample_gene_z,MLF1IP,MLF1IP,,0.36081353254810566,0.31324145650848695,0.3409994374093271,-5.477383483069421
1,mmr_expression_practical_ensemble,1,tissue_independent_mmr@250,sample_gene_z,tissue_independent_mmr,250,0.5,230,sample_gene_z,NUSAP1,NUSAP1,,0.747952565155222,0.27786955771978505,-0.4578983602510327,-5.477383483069421
1,mmr_expression_practical_ensemble,1,tissue_independent_mmr@250,sample_gene_z,tissue_independent_mmr,250,0.5,231,sample_gene_z,NARS,NARS,,1.332049706081669,0.16945863004519388,0.019071750186049775,-5.477383483069421
1,mmr_expression_practical_ensemble,1,tissue_independent_mmr@250,sample_gene_z,tissue_independent_mmr,250,0.5,232,sample_gene_z,TSR1,TSR1,,0.8072870511941519,0.17281264498484705,-0.1322215843227377,-5.477383483069421
1,mmr_expression_practical_ensemble,1,tissue_independent_mmr@250,sample_gene_z,tissue_independent_mmr,250,0.5,233,sample_gene_z,C2orf54,C2orf54,,-0.3715915639075715,0.7284864591502486,0.3333376404245276,-5.477383483069421
1,mmr_expression_practical_ensemble,1,tissue_independent_mmr@250,sample_gene_z,tissue_independent_mmr,250,0.5,234,sample_gene_z,PLAG1,PLAG1,,-0.7908232173368557,0.5868780390158924,0.31416556427345504,-5.477383483069421
1,mmr_expression_practical_ensemble,1,tissue_independent_mmr@250,sample_gene_z,tissue_independent_mmr,250,0.5,235,sample_gene_z,ESCO2,ESCO2,,-0.04811403398765769,0.4226524514573371,-0.2889533325932522,-5.477383483069421
1,mmr_expression_practical_ensemble,1,tissue_independent_mmr@250,sample_gene_z,tissue_independent_mmr,250,0.5,236,sample_gene_z,SLC38A3,SLC38A3,,-1.7100628189497582,0.7537453087559278,0.24930351998978995,-5.477383483069421
1,mmr_expression_practical_ensemble,1,tissue_independent_mmr@250,sample_gene_z,tissue_independent_mmr,250,0.5,237,sample_gene_z,TH1L,TH1L,,1.1495102023154506,0.20771785023708936,-0.3918268719423122,-5.477383483069421
1,mmr_expression_practical_ensemble,1,tissue_independent_mmr@250,sample_gene_z,tissue_independent_mmr,250,0.5,238,sample_gene_z,AKR1E2,AKR1E2,,-1.2832173073523765,0.6226452641081647,-0.3832596953676608,-5.477383483069421
1,mmr_expression_practical_ensemble,1,tissue_independent_mmr@250,sample_gene_z,tissue_independent_mmr,250,0.5,239,sample_gene_z,C1orf174,C1orf174,,0.4239697999232425,0.158272148728093,0.39186460358758446,-5.477383483069421
1,mmr_expression_practical_ensemble,1,tissue_independent_mmr@250,sample_gene_z,tissue_independent_mmr,250,0.5,240,sample_gene_z,IL9R,IL9R,,-1.868157233642883,0.46952024501714484,0.4836243448337554,-5.477383483069421
1,mmr_expression_practical_ensemble,1,tissue_independent_mmr@250,sample_gene_z,tissue_independent_mmr,250,0.5,241,sample_gene_z,SREBF1,SREBF1,,1.2044491022293313,0.29699723532311284,-0.011417071090682691,-5.477383483069421
1,mmr_expression_practical_ensemble,1,tissue_independent_mmr@250,sample_gene_z,tissue_independent_mmr,250,0.5,242,sample_gene_z,SLC35F5,SLC35F5,,0.6706396134152045,0.2516245236627199,-0.5752309670409038,-5.477383483069421
1,mmr_expression_practical_ensemble,1,tissue_independent_mmr@250,sample_gene_z,tissue_independent_mmr,250,0.5,243,sample_gene_z,MUC20,MUC20,,0.8261421858800647,0.5863549159545793,0.0877793952930203,-5.477383483069421
1,mmr_expression_practical_ensemble,1,tissue_independent_mmr@250,sample_gene_z,tissue_independent_mmr,250,0.5,244,sample_gene_z,CCDC152,CCDC152,,-0.8549844396158484,0.4413203771219184,-0.05811248313620623,-5.477383483069421
1,mmr_expression_practical_ensemble,1,tissue_independent_mmr@250,sample_gene_z,tissue_independent_mmr,250,0.5,245,sample_gene_z,ME2,ME2,,0.6693578418578311,0.265443308043012,-0.37642027727758465,-5.477383483069421
1,mmr_expression_practical_ensemble,1,tissue_independent_mmr@250,sample_gene_z,tissue_independent_mmr,250,0.5,246,sample_gene_z,CDKN2BAS,CDKN2BAS,,-1.6371466150166767,0.6105100273779374,-0.8232557747302282,-5.477383483069421
1,mmr_expression_practical_ensemble,1,tissue_independent_mmr@250,sample_gene_z,tissue_independent_mmr,250,0.5,247,sample_gene_z,GZMH,GZMH,,-1.2007730876675986,0.61511051269879,-0.8167994927809759,-5.477383483069421
1,mmr_expression_practical_ensemble,1,tissue_independent_mmr@250,sample_gene_z,tissue_independent_mmr,250,0.5,248,sample_gene_z,CLDN9,CLDN9,,-1.066073606630734,0.7500024723664935,-0.24354936876611474,-5.477383483069421
1,mmr_expression_practical_ensemble,1,tissue_independent_mmr@250,sample_gene_z,tissue_independent_mmr,250,0.5,249,sample_gene_z,TTC24,TTC24,,-2.380527103866896,0.4687247408205707,0.052584812918968535,-5.477383483069421
1,mmr_expression_practical_ensemble,1,tissue_independent_mmr@250,sample_gene_z,tissue_independent_mmr,250,0.5,250,tissue_onehot,tissue:CRC,,CRC,0.4199134199134199,0.49354446576781863,-0.5153350218886377,-5.477383483069421
1,mmr_expression_practical_ensemble,1,tissue_independent_mmr@250,sample_gene_z,tissue_independent_mmr,250,0.5,251,tissue_onehot,tissue:STAD,,STAD,0.24963924963924963,0.4328042221129587,0.21195992877184838,-5.477383483069421
1,mmr_expression_practical_ensemble,1,tissue_independent_mmr@250,sample_gene_z,tissue_independent_mmr,250,0.5,252,tissue_onehot,tissue:UCEC,,UCEC,0.33044733044733043,0.47037420448783496,0.34568986655062706,-5.477383483069421
1,mmr_expression_practical_ensemble,2,consistent_cross_tissue_mmr@500,sample_gene_z,consistent_cross_tissue_mmr,500,0.5,0,sample_gene_z,MLH1,MLH1,,0.33649547013604586,0.3587675998486681,-1.291858534612609,-5.417852995108955
1,mmr_expression_practical_ensemble,2,consistent_cross_tissue_mmr@500,sample_gene_z,consistent_cross_tissue_mmr,500,0.5,1,sample_gene_z,EPM2AIP1,EPM2AIP1,,0.39198749333427074,0.4060727472533623,-0.5297175992748887,-5.417852995108955
1,mmr_expression_practical_ensemble,2,consistent_cross_tissue_mmr@500,sample_gene_z,consistent_cross_tissue_mmr,500,0.5,2,sample_gene_z,RPL22L1,RPL22L1,,0.7953772494327535,0.4148021610629877,0.5122328373812343,-5.417852995108955
1,mmr_expression_practical_ensemble,2,consistent_cross_tissue_mmr@500,sample_gene_z,consistent_cross_tissue_mmr,500,0.5,3,sample_gene_z,NHLRC1,NHLRC1,,-0.5867140335507955,0.39786913232295074,0.21706007742508712,-5.417852995108955
1,mmr_expression_practical_ensemble,2,consistent_cross_tissue_mmr@500,sample_gene_z,consistent_cross_tissue_mmr,500,0.5,4,sample_gene_z,DDX27,DDX27,,1.0272427512823232,0.21968871638139653,-0.20461570220770495,-5.417852995108955
1,mmr_expression_practical_ensemble,2,consistent_cross_tissue_mmr@500,sample_gene_z,consistent_cross_tissue_mmr,500,0.5,5,sample_gene_z,SMAP1,SMAP1,,0.7308042951454968,0.18792008032076357,-0.4826753378271922,-5.417852995108955
1,mmr_expression_practical_ensemble,2,consistent_cross_tissue_mmr@500,sample_gene_z,consistent_cross_tissue_mmr,500,0.5,6,sample_gene_z,TTC30A,TTC30A,,-0.10235513878332288,0.3427831064846102,-0.06300528678489734,-5.417852995108955
1,mmr_expression_practical_ensemble,2,consistent_cross_tissue_mmr@500,sample_gene_z,consistent_cross_tissue_mmr,500,0.5,7,sample_gene_z,ASXL1,ASXL1,,0.9946657727159974,0.17033203513546222,0.15474876309230579,-5.417852995108955
1,mmr_expression_practical_ensemble,2,consistent_cross_tissue_mmr@500,sample_gene_z,consistent_cross_tissue_mmr,500,0.5,8,sample_gene_z,IFNG,IFNG,,-1.827007366892846,0.5669583484808759,0.03217591196002546,-5.417852995108955
1,mmr_expression_practical_ensemble,2,consistent_cross_tissue_mmr@500,sample_gene_z,consistent_cross_tissue_mmr,500,0.5,9,sample_gene_z,MSH4,MSH4,,-2.0129089646422758,0.48572636911311734,0.4864454850965832,-5.417852995108955
1,mmr_expression_practical_ensemble,2,consistent_cross_tissue_mmr@500,sample_gene_z,consistent_cross_tissue_mmr,500,0.5,10,sample_gene_z,C7orf13,C7orf13,,-0.34310292951210414,0.46031037800893476,-0.14946017881109752,-5.417852995108955
1,mmr_expression_practical_ensemble,2,consistent_cross_tissue_mmr@500,sample_gene_z,consistent_cross_tissue_mmr,500,0.5,11,sample_gene_z,HCG11,HCG11,,0.018085901897802875,0.37313938347207976,-0.011294768873257026,-5.417852995108955
1,mmr_expression_practical_ensemble,2,consistent_cross_tissue_mmr@500,sample_gene_z,consistent_cross_tissue_mmr,500,0.5,12,sample_gene_z,DDB2,DDB2,,0.33014665497626644,0.25176771968600437,0.031144587961947603,-5.417852995108955
1,mmr_expression_practical_ensemble,2,consistent_cross_tissue_mmr@500,sample_gene_z,consistent_cross_tissue_mmr,500,0.5,13,sample_gene_z,COL9A1,COL9A1,,-0.7454324942896677,0.8459397445180967,0.18675918415948167,-5.417852995108955
1,mmr_expression_practical_ensemble,2,consistent_cross_tissue_mmr@500,sample_gene_z,consistent_cross_tissue_mmr,500,0.5,14,sample_gene_z,ZNF662,ZNF662,,-0.7224650647856004,0.5135791369614813,0.12246262738362738,-5.417852995108955
1,mmr_expression_practical_ensemble,2,consistent_cross_tissue_mmr@500,sample_gene_z,consistent_cross_tissue_mmr,500,0.5,15,sample_gene_z,FAM179B,FAM179B,,0.11790069956503899,0.26657693286501954,-0.13385421832609884,-5.417852995108955
1,mmr_expression_practical_ensemble,2,consistent_cross_tissue_mmr@500,sample_gene_z,consistent_cross_tissue_mmr,500,0.5,16,sample_gene_z,FAM57A,FAM57A,,0.5659647342284205,0.25835117972949323,0.297230933590442,-5.417852995108955
1,mmr_expression_practical_ensemble,2,consistent_cross_tissue_mmr@500,sample_gene_z,consistent_cross_tissue_mmr,500,0.5,17,sample_gene_z,CHMP7,CHMP7,,0.7324241031142404,0.18779975856663667,0.007878119872469254,-5.417852995108955
1,mmr_expression_practical_ensemble,2,consistent_cross_tissue_mmr@500,sample_gene_z,consistent_cross_tissue_mmr,500,0.5,18,sample_gene_z,C3orf67,C3orf67,,-0.8959855111294149,0.6010414026869382,-0.14496930861704077,-5.417852995108955
1,mmr_expression_practical_ensemble,2,consistent_cross_tissue_mmr@500,sample_gene_z,consistent_cross_tissue_mmr,500,0.5,19,sample_gene_z,CBFA2T2,CBFA2T2,,0.7526314898486106,0.18651131678081526,-0.10394704113739285,-5.417852995108955
1,mmr_expression_practical_ensemble,2,consistent_cross_tissue_mmr@500,sample_gene_z,consistent_cross_tissue_mmr,500,0.5,20,sample_gene_z,SPAG16,SPAG16,,-0.11825742120026839,0.4976880720958061,0.15911651467277482,-5.417852995108955
1,mmr_expression_practical_ensemble,2,consistent_cross_tissue_mmr@500,sample_gene_z,consistent_cross_tissue_mmr,500,0.5,21,sample_gene_z,RASSF10,RASSF10,,-0.8753301739565094,0.6580980497690898,-0.07283918039126197,-5.417852995108955
1,mmr_expression_practical_ensemble,2,consistent_cross_tissue_mmr@500,sample_gene_z,consistent_cross_tissue_mmr,500,0.5,22,sample_gene_z,C20orf43,C20orf43,,1.1512953437230007,0.15007189150156658,0.011335494769373441,-5.417852995108955
1,mmr_expression_practical_ensemble,2,consistent_cross_tissue_mmr@500,sample_gene_z,consistent_cross_tissue_mmr,500,0.5,23,sample_gene_z,SERP2,SERP2,,-0.9314421951459152,0.47574237000157793,0.01556651486385862,-5.417852995108955
1,mmr_expression_practical_ensemble,2,consistent_cross_tissue_mmr@500,sample_gene_z,consistent_cross_tissue_mmr,500,0.5,24,sample_gene_z,C21orf49,C21orf49,,-1.734273670434249,0.35581554827619255,-0.524330289472053,-5.417852995108955
1,mmr_expression_practical_ensemble,2,consistent_cross_tissue_mmr@500,sample_gene_z,consistent_cross_tissue_mmr,500,0.5,25,sample_gene_z,ZNF285,ZNF285,,-1.1123091634000561,0.5790705277440676,0.2855169578039554,-5.417852995108955
1,mmr_expression_practical_ensemble,2,consistent_cross_tissue_mmr@500,sample_gene_z,consistent_cross_tissue_mmr,500,0.5,26,sample_gene_z,H2AFZ,H2AFZ,,1.490279125986956,0.17956402352803774,-0.1714185478486609,-5.417852995108955
1,mmr_expression_practical_ensemble,2,consistent_cross_tissue_mmr@500,sample_gene_z,consistent_cross_tissue_mmr,500,0.5,27,sample_gene_z,NUP188,NUP188,,1.0050356221125243,0.17342543387623285,0.25300868648195635,-5.417852995108955
1,mmr_expression_practical_ensemble,2,consistent_cross_tissue_mmr@500,sample_gene_z,consistent_cross_tissue_mmr,500,0.5,28,sample_gene_z,NEURL2,NEURL2,,-0.7702690194952906,0.2971485510931074,0.22289600188332892,-5.417852995108955
1,mmr_expression_practical_ensemble,2,consistent_cross_tissue_mmr@500,sample_gene_z,consistent_cross_tissue_mmr,500,0.5,29,sample_gene_z,TTC19,TTC19,,0.7621283957845126,0.18996608727235975,-0.09305399972066601,-5.417852995108955
1,mmr_expression_practical_ensemble,2,consistent_cross_tissue_mmr@500,sample_gene_z,consistent_cross_tissue_mmr,500,0.5,30,sample_gene_z,C1GALT1C1L,C1GALT1C1L,,-1.4166501039215993,0.4629526184015687,0.02209017524517578,-5.417852995108955
1,mmr_expression_practical_ensemble,2,consistent_cross_tissue_mmr@500,sample_gene_z,consistent_cross_tissue_mmr,500,0.5,31,sample_gene_z,FOXP4,FOXP4,,1.235011037039111,0.2376954112705658,-0.08078132057854212,-5.417852995108955
1,mmr_expression_practical_ensemble,2,consistent_cross_tissue_mmr@500,sample_gene_z,consistent_cross_tissue_mmr,500,0.5,32,sample_gene_z,NRXN3,NRXN3,,-0.4822949902891057,0.6380134546729634,0.04710744061242994,-5.417852995108955
1,mmr_expression_practical_ensemble,2,consistent_cross_tissue_mmr@500,sample_gene_z,consistent_cross_tissue_mmr,500,0.5,33,sample_gene_z,STX16,STX16,,1.06178703062407,0.2085323972851059,0.024302011371223523,-5.417852995108955
1,mmr_expression_practical_ensemble,2,consistent_cross_tissue_mmr@500,sample_gene_z,consistent_cross_tissue_mmr,500,0.5,34,sample_gene_z,C8orf41,C8orf41,,0.1542735866776188,0.2245440709352558,0.05404298779274751,-5.417852995108955
1,mmr_expression_practical_ensemble,2,consistent_cross_tissue_mmr@500,sample_gene_z,consistent_cross_tissue_mmr,500,0.5,35,sample_gene_z,THADA,THADA,,0.6713556918009509,0.18455957977918114,0.11979551879216788,-5.417852995108955
1,mmr_expression_practical_ensemble,2,consistent_cross_tissue_mmr@500,sample_gene_z,consistent_cross_tissue_mmr,500,0.5,36,sample_gene_z,PGAM1,PGAM1,,1.3884569611609328,0.18402557141315384,0.10853608373490076,-5.417852995108955
1,mmr_expression_practical_ensemble,2,consistent_cross_tissue_mmr@500,sample_gene_z,consistent_cross_tissue_mmr,500,0.5,37,sample_gene_z,C8orf45,C8orf45,,-0.8712092282256921,0.3794382833149956,-0.017175375398133186,-5.417852995108955
1,mmr_expression_practical_ensemble,2,consistent_cross_tissue_mmr@500,sample_gene_z,consistent_cross_tissue_mmr,500,0.5,38,sample_gene_z,C5orf4,C5orf4,,0.03811119505710801,0.41753986698122453,0.34820180049750293,-5.417852995108955
1,mmr_expression_practical_ensemble,2,consistent_cross_tissue_mmr@500,sample_gene_z,consistent_cross_tissue_mmr,500,0.5,39,sample_gene_z,ZSWIM3,ZSWIM3,,-0.1699218626972597,0.23832650057777136,-0.1827314690835965,-5.417852995108955
1,mmr_expression_practical_ensemble,2,consistent_cross_tissue_mmr@500,sample_gene_z,consistent_cross_tissue_mmr,500,0.5,40,sample_gene_z,ABCC5,ABCC5,,0.5781822677426238,0.229090249197752,-0.30931831025014306,-5.417852995108955
1,mmr_expression_practical_ensemble,2,consistent_cross_tissue_mmr@500,sample_gene_z,consistent_cross_tissue_mmr,500,0.5,41,sample_gene_z,CPNE1,CPNE1,,1.330089072413763,0.27921613365714637,0.20277713147865278,-5.417852995108955
1,mmr_expression_practical_ensemble,2,consistent_cross_tissue_mmr@500,sample_gene_z,consistent_cross_tissue_mmr,500,0.5,42,sample_gene_z,EIF5AL1,EIF5AL1,,1.0418372356943957,0.18800094749194426,-0.1641685922975066,-5.417852995108955
1,mmr_expression_practical_ensemble,2,consistent_cross_tissue_mmr@500,sample_gene_z,consistent_cross_tissue_mmr,500,0.5,43,sample_gene_z,C7orf31,C7orf31,,-0.3878165538215526,0.30807014953592626,0.2236896397450171,-5.417852995108955
1,mmr_expression_practical_ensemble,2,consistent_cross_tissue_mmr@500,sample_gene_z,consistent_cross_tissue_mmr,500,0.5,44,sample_gene_z,SALL4,SALL4,,-0.7241646892909633,0.569125293820894,0.1032525887782802,-5.417852995108955
1,mmr_expression_practical_ensemble,2,consistent_cross_tissue_mmr@500,sample_gene_z,consistent_cross_tissue_mmr,500,0.5,45,sample_gene_z,KCNMB4,KCNMB4,,-0.589650952592854,0.5077622594417329,-0.1084034555530166,-5.417852995108955
1,mmr_expression_practical_ensemble,2,consistent_cross_tissue_mmr@500,sample_gene_z,consistent_cross_tissue_mmr,500,0.5,46,sample_gene_z,TOP3A,TOP3A,,0.3618580222915946,0.18678583895721948,0.3832118754497383,-5.417852995108955
1,mmr_expression_practical_ensemble,2,consistent_cross_tissue_mmr@500,sample_gene_z,consistent_cross_tissue_mmr,500,0.5,47,sample_gene_z,ERI1,ERI1,,0.357248898194384,0.2728178528470447,0.13270580669756407,-5.417852995108955
1,mmr_expression_practical_ensemble,2,consistent_cross_tissue_mmr@500,sample_gene_z,consistent_cross_tissue_mmr,500,0.5,48,sample_gene_z,GPR81,GPR81,,-1.1780064579192218,0.6097125426279625,-0.37850159484438517,-5.417852995108955
1,mmr_expression_practical_ensemble,2,consistent_cross_tissue_mmr@500,sample_gene_z,consistent_cross_tissue_mmr,500,0.5,49,sample_gene_z,ELAC2,ELAC2,,0.9349705832244717,0.16222920085203194,0.07493985429801765,-5.417852995108955
1,mmr_expression_practical_ensemble,2,consistent_cross_tissue_mmr@500,sample_gene_z,consistent_cross_tissue_mmr,500,0.5,50,sample_gene_z,ZMYND8,ZMYND8,,0.9462951795902815,0.22778957299107175,-0.16639200525330097,-5.417852995108955
1,mmr_expression_practical_ensemble,2,consistent_cross_tissue_mmr@500,sample_gene_z,consistent_cross_tissue_mmr,500,0.5,51,sample_gene_z,TTC30B,TTC30B,,-0.1410686328914702,0.2658572817848652,-0.30574592320221927,-5.417852995108955
1,mmr_expression_practical_ensemble,2,consistent_cross_tissue_mmr@500,sample_gene_z,consistent_cross_tissue_mmr,500,0.5,52,sample_gene_z,C18orf56,C18orf56,,-0.9896140350106355,0.4396723983602481,-0.11969046105503038,-5.417852995108955
1,mmr_expression_practical_ensemble,2,consistent_cross_tissue_mmr@500,sample_gene_z,consistent_cross_tissue_mmr,500,0.5,53,sample_gene_z,LINC00654,LINC00654,,-0.733804665115991,0.4407389827760753,0.6217541237084996,-5.417852995108955
1,mmr_expression_practical_ensemble,2,consistent_cross_tissue_mmr@500,sample_gene_z,consistent_cross_tissue_mmr,500,0.5,54,sample_gene_z,UHRF1,UHRF1,,0.3750022367828353,0.3047179158739813,-0.07770273434266058,-5.417852995108955
1,mmr_expression_practical_ensemble,2,consistent_cross_tissue_mmr@500,sample_gene_z,consistent_cross_tissue_mmr,500,0.5,55,sample_gene_z,TSPYL3,TSPYL3,,-1.1870635846033286,0.3678825975700248,0.0544712659357459,-5.417852995108955
1,mmr_expression_practical_ensemble,2,consistent_cross_tissue_mmr@500,sample_gene_z,consistent_cross_tissue_mmr,500,0.5,56,sample_gene_z,UBR7,UBR7,,0.6703962479933985,0.15021096303710454,0.17294080596559763,-5.417852995108955
1,mmr_expression_practical_ensemble,2,consistent_cross_tissue_mmr@500,sample_gene_z,consistent_cross_tissue_mmr,500,0.5,57,sample_gene_z,GUSBP5,GUSBP5,,-1.4637682855929401,0.4011005171273469,0.09399849197207702,-5.417852995108955
1,mmr_expression_practical_ensemble,2,consistent_cross_tissue_mmr@500,sample_gene_z,consistent_cross_tissue_mmr,500,0.5,58,sample_gene_z,ADAMTSL2,ADAMTSL2,,-0.1190679612019634,0.4311009627575715,-0.2939466614858829,-5.417852995108955
1,mmr_expression_practical_ensemble,2,consistent_cross_tissue_mmr@500,sample_gene_z,consistent_cross_tissue_mmr,500,0.5,59,sample_gene_z,RNPEP,RNPEP,,1.1580799555703647,0.16752071258512055,0.28554717328343887,-5.417852995108955
1,mmr_expression_practical_ensemble,2,consistent_cross_tissue_mmr@500,sample_gene_z,consistent_cross_tissue_mmr,500,0.5,60,sample_gene_z,DEM1,DEM1,,-0.2299165056273098,0.24032779090401604,0.1402736192490557,-5.417852995108955
1,mmr_expression_practical_ensemble,2,consistent_cross_tissue_mmr@500,sample_gene_z,consistent_cross_tissue_mmr,500,0.5,61,sample_gene_z,CHAF1B,CHAF1B,,0.12902103841449145,0.26314916359513557,0.1517851632580633,-5.417852995108955
1,mmr_expression_practical_ensemble,2,consistent_cross_tissue_mmr@500,sample_gene_z,consistent_cross_tissue_mmr,500,0.5,62,sample_gene_z,SHROOM4,SHROOM4,,0.2014287156920386,0.33541485031933255,0.03984693289101074,-5.417852995108955
1,mmr_expression_practical_ensemble,2,consistent_cross_tissue_mmr@500,sample_gene_z,consistent_cross_tissue_mmr,500,0.5,63,sample_gene_z,SKA1,SKA1,,0.02299392440639139,0.31652476380093586,0.16522090007765247,-5.417852995108955
1,mmr_expression_practical_ensemble,2,consistent_cross_tissue_mmr@500,sample_gene_z,consistent_cross_tissue_mmr,500,0.5,64,sample_gene_z,PBK,PBK,,0.35082972001666884,0.3778282697177815,-0.030138012209513253,-5.417852995108955
1,mmr_expression_practical_ensemble,2,consistent_cross_tissue_mmr@500,sample_gene_z,consistent_cross_tissue_mmr,500,0.5,65,sample_gene_z,ZSCAN12,ZSCAN12,,-0.2990220964962117,0.25832674060651195,0.024387307953946485,-5.417852995108955
1,mmr_expression_practical_ensemble,2,consistent_cross_tissue_mmr@500,sample_gene_z,consistent_cross_tissue_mmr,500,0.5,66,sample_gene_z,ZADH2,ZADH2,,0.6394871072259132,0.2057009875047095,0.11379613785319066,-5.417852995108955
1,mmr_expression_practical_ensemble,2,consistent_cross_tissue_mmr@500,sample_gene_z,consistent_cross_tissue_mmr,500,0.5,67,sample_gene_z,LEPROTL1,LEPROTL1,,0.733679634257064,0.19406691439617116,0.11754803614750889,-5.417852995108955
1,mmr_expression_practical_ensemble,2,consistent_cross_tissue_mmr@500,sample_gene_z,consistent_cross_tissue_mmr,500,0.5,68,sample_gene_z,COPS3,COPS3,,0.7671411580314021,0.16495506278176728,-0.05376387501895542,-5.417852995108955
1,mmr_expression_practical_ensemble,2,consistent_cross_tissue_mmr@500,sample_gene_z,consistent_cross_tissue_mmr,500,0.5,69,sample_gene_z,HDX,HDX,,-1.2237542151748524,0.43596643440537,0.14339898984893593,-5.417852995108955
1,mmr_expression_practical_ensemble,2,consistent_cross_tissue_mmr@500,sample_gene_z,consistent_cross_tissue_mmr,500,0.5,70,sample_gene_z,INTS10,INTS10,,0.8653043021649515,0.21028411612684056,0.19961976976303322,-5.417852995108955
1,mmr_expression_practical_ensemble,2,consistent_cross_tissue_mmr@500,sample_gene_z,consistent_cross_tissue_mmr,500,0.5,71,sample_gene_z,E2F7,E2F7,,-0.0817755931934008,0.3693844603872413,-0.01170525688058728,-5.417852995108955
1,mmr_expression_practical_ensemble,2,consistent_cross_tissue_mmr@500,sample_gene_z,consistent_cross_tissue_mmr,500,0.5,72,sample_gene_z,ATP6V1B2,ATP6V1B2,,1.0441860652981325,0.19552392864056772,0.11849371187095664,-5.417852995108955
1,mmr_expression_practical_ensemble,2,consistent_cross_tissue_mmr@500,sample_gene_z,consistent_cross_tissue_mmr,500,0.5,73,sample_gene_z,BCL11A,BCL11A,,0.05337821774421299,0.5270797012899117,-0.15674650452373595,-5.417852995108955
1,mmr_expression_practical_ensemble,2,consistent_cross_tissue_mmr@500,sample_gene_z,consistent_cross_tissue_mmr,500,0.5,74,sample_gene_z,THNSL2,THNSL2,,0.007885588699898118,0.669985721277197,-0.16948934467026364,-5.417852995108955
1,mmr_expression_practical_ensemble,2,consistent_cross_tissue_mmr@500,sample_gene_z,consistent_cross_tissue_mmr,500,0.5,75,sample_gene_z,CRCP,CRCP,,0.7933345471915895,0.1512580513700678,-0.04565715331557192,-5.417852995108955
1,mmr_expression_practical_ensemble,2,consistent_cross_tissue_mmr@500,sample_gene_z,consistent_cross_tissue_mmr,500,0.5,76,sample_gene_z,KCNT1,KCNT1,,-1.8077725500324542,0.6127326144201161,0.08462846100675735,-5.417852995108955
1,mmr_expression_practical_ensemble,2,consistent_cross_tissue_mmr@500,sample_gene_z,consistent_cross_tissue_mmr,500,0.5,77,sample_gene_z,ACVR1B,ACVR1B,,0.938901483812382,0.21689882375054775,-0.015355478882582183,-5.417852995108955
1,mmr_expression_practical_ensemble,2,consistent_cross_tissue_mmr@500,sample_gene_z,consistent_cross_tissue_mmr,500,0.5,78,sample_gene_z,TXNDC9,TXNDC9,,0.5396762537646186,0.20644468170095848,-0.30070284481603277,-5.417852995108955
1,mmr_expression_practical_ensemble,2,consistent_cross_tissue_mmr@500,sample_gene_z,consistent_cross_tissue_mmr,500,0.5,79,sample_gene_z,GINS3,GINS3,,0.06003417597503547,0.23863701691268316,-0.4454213741686617,-5.417852995108955
1,mmr_expression_practical_ensemble,2,consistent_cross_tissue_mmr@500,sample_gene_z,consistent_cross_tissue_mmr,500,0.5,80,sample_gene_z,CDCA2,CDCA2,,0.0767340632954194,0.3563236503915965,0.03169146376448774,-5.417852995108955
1,mmr_expression_practical_ensemble,2,consistent_cross_tissue_mmr@500,sample_gene_z,consistent_cross_tissue_mmr,500,0.5,81,sample_gene_z,ZNF274,ZNF274,,0.21109055920073702,0.22166045871296935,0.06036979102508719,-5.417852995108955
1,mmr_expression_practical_ensemble,2,consistent_cross_tissue_mmr@500,sample_gene_z,consistent_cross_tissue_mmr,500,0.5,82,sample_gene_z,ZFP3,ZFP3,,-0.18501156800353852,0.3930981429412658,-0.06108195194581684,-5.417852995108955
1,mmr_expression_practical_ensemble,2,consistent_cross_tissue_mmr@500,sample_gene_z,consistent_cross_tissue_mmr,500,0.5,83,sample_gene_z,PCMTD2,PCMTD2,,0.898622837713017,0.21963176492900635,0.07339124284611782,-5.417852995108955
1,mmr_expression_practical_ensemble,2,consistent_cross_tissue_mmr@500,sample_gene_z,consistent_cross_tissue_mmr,500,0.5,84,sample_gene_z,SPIN3,SPIN3,,0.034679726714502715,0.37848676196702036,0.40716754391918414,-5.417852995108955
1,mmr_expression_practical_ensemble,2,consistent_cross_tissue_mmr@500,sample_gene_z,consistent_cross_tissue_mmr,500,0.5,85,sample_gene_z,CACNG4,CACNG4,,-0.8802980329122163,0.8651690818706191,0.14829672062095342,-5.417852995108955
1,mmr_expression_practical_ensemble,2,consistent_cross_tissue_mmr@500,sample_gene_z,consistent_cross_tissue_mmr,500,0.5,86,sample_gene_z,FDXR,FDXR,,0.3817984830431702,0.3163767932011187,-0.08759800403500294,-5.417852995108955
1,mmr_expression_practical_ensemble,2,consistent_cross_tissue_mmr@500,sample_gene_z,consistent_cross_tissue_mmr,500,0.5,87,sample_gene_z,SREBF1,SREBF1,,1.199471322768591,0.27646935184856636,-0.23082951727944814,-5.417852995108955
1,mmr_expression_practical_ensemble,2,consistent_cross_tissue_mmr@500,sample_gene_z,consistent_cross_tissue_mmr,500,0.5,88,sample_gene_z,RPS27L,RPS27L,,0.833561028521859,0.2637628326006736,0.08087599595092082,-5.417852995108955
1,mmr_expression_practical_ensemble,2,consistent_cross_tissue_mmr@500,sample_gene_z,consistent_cross_tissue_mmr,500,0.5,89,sample_gene_z,C20orf165,C20orf165,,-1.4409938426598845,0.3799646937124739,-0.025608453667321673,-5.417852995108955
1,mmr_expression_practical_ensemble,2,consistent_cross_tissue_mmr@500,sample_gene_z,consistent_cross_tissue_mmr,500,0.5,90,sample_gene_z,TSPAN31,TSPAN31,,0.6842444928084733,0.2105888466910831,-0.0410293438947045,-5.417852995108955
1,mmr_expression_practical_ensemble,2,consistent_cross_tissue_mmr@500,sample_gene_z,consistent_cross_tissue_mmr,500,0.5,91,sample_gene_z,HCG18,HCG18,,0.3973034051021382,0.15766995452430968,0.12207971937065736,-5.417852995108955
1,mmr_expression_practical_ensemble,2,consistent_cross_tissue_mmr@500,sample_gene_z,consistent_cross_tissue_mmr,500,0.5,92,sample_gene_z,TTPAL,TTPAL,,0.5076849498969866,0.16525456437666855,0.2466531256211088,-5.417852995108955
1,mmr_expression_practical_ensemble,2,consistent_cross_tissue_mmr@500,sample_gene_z,consistent_cross_tissue_mmr,500,0.5,93,sample_gene_z,GRIN1,GRIN1,,-1.246013843325265,0.6447445300615453,-0.13259711051940043,-5.417852995108955
1,mmr_expression_practical_ensemble,2,consistent_cross_tissue_mmr@500,sample_gene_z,consistent_cross_tissue_mmr,500,0.5,94,sample_gene_z,TMEM132C,TMEM132C,,-1.6051702825832987,0.6722977103254595,0.01359181717728548,-5.417852995108955
1,mmr_expression_practical_ensemble,2,consistent_cross_tissue_mmr@500,sample_gene_z,consistent_cross_tissue_mmr,500,0.5,95,sample_gene_z,ELMO2,ELMO2,,0.6902526482595077,0.1465641376818782,0.1826325018375684,-5.417852995108955
1,mmr_expression_practical_ensemble,2,consistent_cross_tissue_mmr@500,sample_gene_z,consistent_cross_tissue_mmr,500,0.5,96,sample_gene_z,CTNNBL1,CTNNBL1,,0.7944268899676221,0.18695840753956353,0.18953889504721308,-5.417852995108955
1,mmr_expression_practical_ensemble,2,consistent_cross_tissue_mmr@500,sample_gene_z,consistent_cross_tissue_mmr,500,0.5,97,sample_gene_z,CEP78,CEP78,,0.22637787571752657,0.2214277091476013,0.07737018110846038,-5.417852995108955
1,mmr_expression_practical_ensemble,2,consistent_cross_tissue_mmr@500,sample_gene_z,consistent_cross_tissue_mmr,500,0.5,98,sample_gene_z,TNFRSF10B,TNFRSF10B,,0.9828306511277058,0.25462377281644116,0.1952302869314662,-5.417852995108955
1,mmr_expression_practical_ensemble,2,consistent_cross_tissue_mmr@500,sample_gene_z,consistent_cross_tissue_mmr,500,0.5,99,sample_gene_z,LAG3,LAG3,,-0.45420860473982183,0.5017416026825788,0.35422348310615764,-5.417852995108955
1,mmr_expression_practical_ensemble,2,consistent_cross_tissue_mmr@500,sample_gene_z,consistent_cross_tissue_mmr,500,0.5,100,sample_gene_z,TH1L,TH1L,,1.1471152830247329,0.187447523615814,-0.20182179241689452,-5.417852995108955
1,mmr_expression_practical_ensemble,2,consistent_cross_tissue_mmr@500,sample_gene_z,consistent_cross_tissue_mmr,500,0.5,101,sample_gene_z,PLAG1,PLAG1,,-0.6491958703006485,0.5465609584308533,0.10056578101163169,-5.417852995108955
1,mmr_expression_practical_ensemble,2,consistent_cross_tissue_mmr@500,sample_gene_z,consistent_cross_tissue_mmr,500,0.5,102,sample_gene_z,IFT52,IFT52,,0.5711590975088832,0.17456669604431643,0.1414326998971216,-5.417852995108955
1,mmr_expression_practical_ensemble,2,consistent_cross_tissue_mmr@500,sample_gene_z,consistent_cross_tissue_mmr,500,0.5,103,sample_gene_z,SYT1,SYT1,,-0.6731844220379334,0.6430174103886662,0.25574531255171995,-5.417852995108955
1,mmr_expression_practical_ensemble,2,consistent_cross_tissue_mmr@500,sample_gene_z,consistent_cross_tissue_mmr,500,0.5,104,sample_gene_z,SLC35F5,SLC35F5,,0.7037394728027602,0.2348168367023912,-0.17162905423771144,-5.417852995108955
1,mmr_expression_practical_ensemble,2,consistent_cross_tissue_mmr@500,sample_gene_z,consistent_cross_tissue_mmr,500,0.5,105,sample_gene_z,EIF4A1,EIF4A1,,1.889025648793184,0.14769874339464695,-0.10556619966517196,-5.417852995108955
1,mmr_expression_practical_ensemble,2,consistent_cross_tissue_mmr@500,sample_gene_z,consistent_cross_tissue_mmr,500,0.5,106,sample_gene_z,SCN4A,SCN4A,,-1.8549297599265482,0.42464039504225115,-0.14046194108770493,-5.417852995108955
1,mmr_expression_practical_ensemble,2,consistent_cross_tissue_mmr@500,sample_gene_z,consistent_cross_tissue_mmr,500,0.5,107,sample_gene_z,KIAA0101,KIAA0101,,0.4698373566402964,0.3218829406099498,-0.06402936412522944,-5.417852995108955
1,mmr_expression_practical_ensemble,2,consistent_cross_tissue_mmr@500,sample_gene_z,consistent_cross_tissue_mmr,500,0.5,108,sample_gene_z,RALGAPB,RALGAPB,,0.9949593198816686,0.16936309842492567,0.26998095841239866,-5.417852995108955
1,mmr_expression_practical_ensemble,2,consistent_cross_tissue_mmr@500,sample_gene_z,consistent_cross_tissue_mmr,500,0.5,109,sample_gene_z,GPATCH1,GPATCH1,,0.17681707823740428,0.16674909057777665,-0.15753745023845916,-5.417852995108955
1,mmr_expression_practical_ensemble,2,consistent_cross_tissue_mmr@500,sample_gene_z,consistent_cross_tissue_mmr,500,0.5,110,sample_gene_z,TSPAN7,TSPAN7,,0.18770965862959013,0.47677555750618195,0.10699187055541723,-5.417852995108955
1,mmr_expression_practical_ensemble,2,consistent_cross_tissue_mmr@500,sample_gene_z,consistent_cross_tissue_mmr,500,0.5,111,sample_gene_z,HMGCLL1,HMGCLL1,,-1.977805171609248,0.4008069781347522,-0.21725019789574163,-5.417852995108955
1,mmr_expression_practical_ensemble,2,consistent_cross_tissue_mmr@500,sample_gene_z,consistent_cross_tissue_mmr,500,0.5,112,sample_gene_z,CHAF1A,CHAF1A,,0.5367979702135385,0.22056265935167754,0.3491448268242819,-5.417852995108955
1,mmr_expression_practical_ensemble,2,consistent_cross_tissue_mmr@500,sample_gene_z,consistent_cross_tissue_mmr,500,0.5,113,sample_gene_z,HEPHL1,HEPHL1,,-1.6071527517594735,0.6474957392453587,0.025951513803841277,-5.417852995108955
1,mmr_expression_practical_ensemble,2,consistent_cross_tissue_mmr@500,sample_gene_z,consistent_cross_tissue_mmr,500,0.5,114,sample_gene_z,PLB1,PLB1,,-0.6327947258646048,0.4077283608671453,-0.05479630642959392,-5.417852995108955
1,mmr_expression_practical_ensemble,2,consistent_cross_tissue_mmr@500,sample_gene_z,consistent_cross_tissue_mmr,500,0.5,115,sample_gene_z,RBM39,RBM39,,1.435465432191774,0.16222757526200188,0.08921531106635515,-5.417852995108955
1,mmr_expression_practical_ensemble,2,consistent_cross_tissue_mmr@500,sample_gene_z,consistent_cross_tissue_mmr,500,0.5,116,sample_gene_z,MAP2K3,MAP2K3,,0.9790729661007458,0.19789067973432087,-0.08710848094822836,-5.417852995108955
1,mmr_expression_practical_ensemble,2,consistent_cross_tissue_mmr@500,sample_gene_z,consistent_cross_tissue_mmr,500,0.5,117,sample_gene_z,GNPNAT1,GNPNAT1,,0.9769365147606484,0.23515665841971847,-0.07263676619811596,-5.417852995108955
1,mmr_expression_practical_ensemble,2,consistent_cross_tissue_mmr@500,sample_gene_z,consistent_cross_tissue_mmr,500,0.5,118,sample_gene_z,FAM63A,FAM63A,,0.31397657457180483,0.24626271334479768,0.04303649888169913,-5.417852995108955
1,mmr_expression_practical_ensemble,2,consistent_cross_tissue_mmr@500,sample_gene_z,consistent_cross_tissue_mmr,500,0.5,119,sample_gene_z,MUC20,MUC20,,0.8457492054656911,0.5420034874226638,-0.12227854445614152,-5.417852995108955
1,mmr_expression_practical_ensemble,2,consistent_cross_tissue_mmr@500,sample_gene_z,consistent_cross_tissue_mmr,500,0.5,120,sample_gene_z,BBS10,BBS10,,0.08507894461293335,0.24728219780865093,-0.006312504825092033,-5.417852995108955
1,mmr_expression_practical_ensemble,2,consistent_cross_tissue_mmr@500,sample_gene_z,consistent_cross_tissue_mmr,500,0.5,121,sample_gene_z,C1orf175,C1orf175,,-0.7681706666200915,0.5008071521658962,-0.036936615979635413,-5.417852995108955
1,mmr_expression_practical_ensemble,2,consistent_cross_tissue_mmr@500,sample_gene_z,consistent_cross_tissue_mmr,500,0.5,122,sample_gene_z,SYS1,SYS1,,0.7487672697024397,0.15642131192150105,-0.41107192491887823,-5.417852995108955
1,mmr_expression_practical_ensemble,2,consistent_cross_tissue_mmr@500,sample_gene_z,consistent_cross_tissue_mmr,500,0.5,123,sample_gene_z,SOSTDC1,SOSTDC1,,-0.7443509577771092,0.7908680894580029,-0.09459408417020079,-5.417852995108955
1,mmr_expression_practical_ensemble,2,consistent_cross_tissue_mmr@500,sample_gene_z,consistent_cross_tissue_mmr,500,0.5,124,sample_gene_z,MS4A15,MS4A15,,-1.769823338820979,0.5880017748895434,0.15527728941024038,-5.417852995108955
1,mmr_expression_practical_ensemble,2,consistent_cross_tissue_mmr@500,sample_gene_z,consistent_cross_tissue_mmr,500,0.5,125,sample_gene_z,LINC00653,LINC00653,,-1.087041658432285,0.3415354919201913,0.007288368279104998,-5.417852995108955
1,mmr_expression_practical_ensemble,2,consistent_cross_tissue_mmr@500,sample_gene_z,consistent_cross_tissue_mmr,500,0.5,126,sample_gene_z,TTC14,TTC14,,0.36654363129143835,0.2916288574362234,0.1417866144817973,-5.417852995108955
1,mmr_expression_practical_ensemble,2,consistent_cross_tissue_mmr@500,sample_gene_z,consistent_cross_tissue_mmr,500,0.5,127,sample_gene_z,NAGA,NAGA,,0.7851110940391148,0.1579725045543084,0.27066969548409664,-5.417852995108955
1,mmr_expression_practical_ensemble,2,consistent_cross_tissue_mmr@500,sample_gene_z,consistent_cross_tissue_mmr,500,0.5,128,sample_gene_z,H2AFJ,H2AFJ,,0.793739370082258,0.4025470176404738,-0.14193242795545322,-5.417852995108955
1,mmr_expression_practical_ensemble,2,consistent_cross_tissue_mmr@500,sample_gene_z,consistent_cross_tissue_mmr,500,0.5,129,sample_gene_z,CIB1,CIB1,,1.247131600381308,0.23749002139115605,0.05249082973798101,-5.417852995108955
1,mmr_expression_practical_ensemble,2,consistent_cross_tissue_mmr@500,sample_gene_z,consistent_cross_tissue_mmr,500,0.5,130,sample_gene_z,KIF3B,KIF3B,,1.0859424999666365,0.1772094023178641,-0.12424259824320778,-5.417852995108955
1,mmr_expression_practical_ensemble,2,consistent_cross_tissue_mmr@500,sample_gene_z,consistent_cross_tissue_mmr,500,0.5,131,sample_gene_z,MND1,MND1,,-0.28153700691396116,0.3674776351664835,0.0315137814292161,-5.417852995108955
1,mmr_expression_practical_ensemble,2,consistent_cross_tissue_mmr@500,sample_gene_z,consistent_cross_tissue_mmr,500,0.5,132,sample_gene_z,HSPH1,HSPH1,,1.341848643751694,0.26780532759395503,0.02340943380920135,-5.417852995108955
1,mmr_expression_practical_ensemble,2,consistent_cross_tissue_mmr@500,sample_gene_z,consistent_cross_tissue_mmr,500,0.5,133,sample_gene_z,USP27X,USP27X,,-0.3072102918237474,0.20815562886068711,0.12770177716688244,-5.417852995108955
1,mmr_expression_practical_ensemble,2,consistent_cross_tissue_mmr@500,sample_gene_z,consistent_cross_tissue_mmr,500,0.5,134,sample_gene_z,DTNA,DTNA,,-0.6647453518177312,0.5969285032187697,0.33660973652111814,-5.417852995108955
1,mmr_expression_practical_ensemble,2,consistent_cross_tissue_mmr@500,sample_gene_z,consistent_cross_tissue_mmr,500,0.5,135,sample_gene_z,IL9R,IL9R,,-1.642557437065672,0.4228021651062023,0.3911996076488073,-5.417852995108955
1,mmr_expression_practical_ensemble,2,consistent_cross_tissue_mmr@500,sample_gene_z,consistent_cross_tissue_mmr,500,0.5,136,sample_gene_z,TRMT12,TRMT12,,0.12811645332660535,0.2873538166806611,-0.10765494255396625,-5.417852995108955
1,mmr_expression_practical_ensemble,2,consistent_cross_tissue_mmr@500,sample_gene_z,consistent_cross_tissue_mmr,500,0.5,137,sample_gene_z,PLAGL2,PLAGL2,,0.9202166308300933,0.3056482558256595,-0.14163638425631936,-5.417852995108955
1,mmr_expression_practical_ensemble,2,consistent_cross_tissue_mmr@500,sample_gene_z,consistent_cross_tissue_mmr,500,0.5,138,sample_gene_z,KIAA0406,KIAA0406,,0.6413549816640173,0.16076150695749883,-0.07798207252398444,-5.417852995108955
1,mmr_expression_practical_ensemble,2,consistent_cross_tissue_mmr@500,sample_gene_z,consistent_cross_tissue_mmr,500,0.5,139,sample_gene_z,LRRN1,LRRN1,,-0.7926343325476456,0.7885839238339926,-0.026732871663016116,-5.417852995108955
1,mmr_expression_practical_ensemble,2,consistent_cross_tissue_mmr@500,sample_gene_z,consistent_cross_tissue_mmr,500,0.5,140,sample_gene_z,DTL,DTL,,0.3789702024296209,0.2784057146326974,0.10442619643459722,-5.417852995108955
1,mmr_expression_practical_ensemble,2,consistent_cross_tissue_mmr@500,sample_gene_z,consistent_cross_tissue_mmr,500,0.5,141,sample_gene_z,VSTM2L,VSTM2L,,-1.0143519556839928,0.6681985634591913,-0.06578335979916015,-5.417852995108955
1,mmr_expression_practical_ensemble,2,consistent_cross_tissue_mmr@500,sample_gene_z,consistent_cross_tissue_mmr,500,0.5,142,sample_gene_z,ITGAE,ITGAE,,0.16920769455895834,0.23268947476047147,0.3883106273617538,-5.417852995108955
1,mmr_expression_practical_ensemble,2,consistent_cross_tissue_mmr@500,sample_gene_z,consistent_cross_tissue_mmr,500,0.5,143,sample_gene_z,VWA5B1,VWA5B1,,-1.8258235728706145,0.6461621907373757,-0.20888932331454546,-5.417852995108955
1,mmr_expression_practical_ensemble,2,consistent_cross_tissue_mmr@500,sample_gene_z,consistent_cross_tissue_mmr,500,0.5,144,sample_gene_z,L1CAM,L1CAM,,-0.39768871072105566,0.8477262807920783,-0.008983002523458714,-5.417852995108955
1,mmr_expression_practical_ensemble,2,consistent_cross_tissue_mmr@500,sample_gene_z,consistent_cross_tissue_mmr,500,0.5,145,sample_gene_z,ITGB7,ITGB7,,-0.026436791685729873,0.38296198954158944,0.0593080531818725,-5.417852995108955
1,mmr_expression_practical_ensemble,2,consistent_cross_tissue_mmr@500,sample_gene_z,consistent_cross_tissue_mmr,500,0.5,146,sample_gene_z,C20orf11,C20orf11,,1.1140146278136531,0.1498060618915694,0.3656524872315169,-5.417852995108955
1,mmr_expression_practical_ensemble,2,consistent_cross_tissue_mmr@500,sample_gene_z,consistent_cross_tissue_mmr,500,0.5,147,sample_gene_z,NODAL,NODAL,,-1.6109996882244886,0.45110945101325195,-0.12154361112530432,-5.417852995108955
1,mmr_expression_practical_ensemble,2,consistent_cross_tissue_mmr@500,sample_gene_z,consistent_cross_tissue_mmr,500,0.5,148,sample_gene_z,RNLS,RNLS,,-0.6595897411630596,0.5570901228333327,0.23054704020645583,-5.417852995108955
1,mmr_expression_practical_ensemble,2,consistent_cross_tissue_mmr@500,sample_gene_z,consistent_cross_tissue_mmr,500,0.5,149,sample_gene_z,MLF1,MLF1,,-0.16161030714495633,0.6651338702413581,0.08323948179674433,-5.417852995108955
1,mmr_expression_practical_ensemble,2,consistent_cross_tissue_mmr@500,sample_gene_z,consistent_cross_tissue_mmr,500,0.5,150,sample_gene_z,ABHD10,ABHD10,,0.5693947301147758,0.1704495424484517,-0.16015699457013996,-5.417852995108955
1,mmr_expression_practical_ensemble,2,consistent_cross_tissue_mmr@500,sample_gene_z,consistent_cross_tissue_mmr,500,0.5,151,sample_gene_z,SCO1,SCO1,,0.431441873303222,0.1959933589593727,-0.034668687598310495,-5.417852995108955
1,mmr_expression_practical_ensemble,2,consistent_cross_tissue_mmr@500,sample_gene_z,consistent_cross_tissue_mmr,500,0.5,152,sample_gene_z,TSR2,TSR2,,0.7150872299659272,0.17612644468419603,0.11809285865030643,-5.417852995108955
1,mmr_expression_practical_ensemble,2,consistent_cross_tissue_mmr@500,sample_gene_z,consistent_cross_tissue_mmr,500,0.5,153,sample_gene_z,FBXO6,FBXO6,,0.2489515475636746,0.33049368344777985,0.11306428329868273,-5.417852995108955
1,mmr_expression_practical_ensemble,2,consistent_cross_tissue_mmr@500,sample_gene_z,consistent_cross_tissue_mmr,500,0.5,154,sample_gene_z,THRB,THRB,,-0.25493987160404186,0.5958681157754043,-0.016023810143248565,-5.417852995108955
1,mmr_expression_practical_ensemble,2,consistent_cross_tissue_mmr@500,sample_gene_z,consistent_cross_tissue_mmr,500,0.5,155,sample_gene_z,HIF3A,HIF3A,,-0.8231597489183825,0.7111899876044605,-0.2854252639505048,-5.417852995108955
1,mmr_expression_practical_ensemble,2,consistent_cross_tissue_mmr@500,sample_gene_z,consistent_cross_tissue_mmr,500,0.5,156,sample_gene_z,PRPF6,PRPF6,,1.3261570067123116,0.2042074552622993,-0.029713625827595007,-5.417852995108955
1,mmr_expression_practical_ensemble,2,consistent_cross_tissue_mmr@500,sample_gene_z,consistent_cross_tissue_mmr,500,0.5,157,sample_gene_z,NSMCE2,NSMCE2,,0.2451531423088116,0.1853389476219539,-0.23041299386698533,-5.417852995108955
1,mmr_expression_practical_ensemble,2,consistent_cross_tissue_mmr@500,sample_gene_z,consistent_cross_tissue_mmr,500,0.5,158,sample_gene_z,F10,F10,,-0.6690412731977017,0.573112146117885,0.1643899536147515,-5.417852995108955
1,mmr_expression_practical_ensemble,2,consistent_cross_tissue_mmr@500,sample_gene_z,consistent_cross_tissue_mmr,500,0.5,159,sample_gene_z,ERGIC3,ERGIC3,,1.6035036559086313,0.20526779663509548,0.20355210111130365,-5.417852995108955
1,mmr_expression_practical_ensemble,2,consistent_cross_tissue_mmr@500,sample_gene_z,consistent_cross_tissue_mmr,500,0.5,160,sample_gene_z,KBTBD12,KBTBD12,,-1.2113124329614848,0.7495697464697952,-0.2605602166482169,-5.417852995108955
1,mmr_expression_practical_ensemble,2,consistent_cross_tissue_mmr@500,sample_gene_z,consistent_cross_tissue_mmr,500,0.5,161,sample_gene_z,GGT7,GGT7,,0.3219404289162708,0.3672384784308598,0.10440314811571276,-5.417852995108955
1,mmr_expression_practical_ensemble,2,consistent_cross_tissue_mmr@500,sample_gene_z,consistent_cross_tissue_mmr,500,0.5,162,sample_gene_z,ZNF572,ZNF572,,-0.5904405249997134,0.40359402800536964,-0.17377138868677358,-5.417852995108955
1,mmr_expression_practical_ensemble,2,consistent_cross_tissue_mmr@500,sample_gene_z,consistent_cross_tissue_mmr,500,0.5,163,sample_gene_z,GTF2A2,GTF2A2,,0.6853474413523114,0.23055305101550988,0.12146144275357175,-5.417852995108955
1,mmr_expression_practical_ensemble,2,consistent_cross_tissue_mmr@500,sample_gene_z,consistent_cross_tissue_mmr,500,0.5,164,sample_gene_z,CENPM,CENPM,,0.21716014808753553,0.34204424243987,-0.010510499476508728,-5.417852995108955
1,mmr_expression_practical_ensemble,2,consistent_cross_tissue_mmr@500,sample_gene_z,consistent_cross_tissue_mmr,500,0.5,165,sample_gene_z,KIR2DL4,KIR2DL4,,-1.7625612902084666,0.5585834321015896,0.17601102735551827,-5.417852995108955
1,mmr_expression_practical_ensemble,2,consistent_cross_tissue_mmr@500,sample_gene_z,consistent_cross_tissue_mmr,500,0.5,166,sample_gene_z,MTERF,MTERF,,-0.13556770149956882,0.3782323151851569,0.45410652764515347,-5.417852995108955
1,mmr_expression_practical_ensemble,2,consistent_cross_tissue_mmr@500,sample_gene_z,consistent_cross_tissue_mmr,500,0.5,167,sample_gene_z,TM9SF4,TM9SF4,,1.2835458809895022,0.18626702745025298,-0.11153147210076678,-5.417852995108955
1,mmr_expression_practical_ensemble,2,consistent_cross_tissue_mmr@500,sample_gene_z,consistent_cross_tissue_mmr,500,0.5,168,sample_gene_z,ATP5E,ATP5E,,1.5354299836961025,0.20927411785597427,-0.5192751341589349,-5.417852995108955
1,mmr_expression_practical_ensemble,2,consistent_cross_tissue_mmr@500,sample_gene_z,consistent_cross_tissue_mmr,500,0.5,169,sample_gene_z,BLCAP,BLCAP,,1.017522696548528,0.18525806057836117,0.15762106489638192,-5.417852995108955
1,mmr_expression_practical_ensemble,2,consistent_cross_tissue_mmr@500,sample_gene_z,consistent_cross_tissue_mmr,500,0.5,170,sample_gene_z,MESDC2,MESDC2,,0.9439231193129152,0.144425549703029,0.17912475034727673,-5.417852995108955
1,mmr_expression_practical_ensemble,2,consistent_cross_tissue_mmr@500,sample_gene_z,consistent_cross_tissue_mmr,500,0.5,171,sample_gene_z,NDUFAF1,NDUFAF1,,0.13595733013281855,0.19960589482531216,0.2649829365849174,-5.417852995108955
1,mmr_expression_practical_ensemble,2,consistent_cross_tissue_mmr@500,sample_gene_z,consistent_cross_tissue_mmr,500,0.5,172,sample_gene_z,NYNRIN,NYNRIN,,0.6052454811368302,0.3703209710878573,0.30635347846967065,-5.417852995108955
1,mmr_expression_practical_ensemble,2,consistent_cross_tissue_mmr@500,sample_gene_z,consistent_cross_tissue_mmr,500,0.5,173,sample_gene_z,TYMS,TYMS,,0.6659001215826726,0.30152110022266604,0.20395256333430747,-5.417852995108955
1,mmr_expression_practical_ensemble,2,consistent_cross_tissue_mmr@500,sample_gene_z,consistent_cross_tissue_mmr,500,0.5,174,sample_gene_z,HIST4H4,HIST4H4,,-1.3163602508443024,0.3006950680434721,0.21156566701719778,-5.417852995108955
1,mmr_expression_practical_ensemble,2,consistent_cross_tissue_mmr@500,sample_gene_z,consistent_cross_tissue_mmr,500,0.5,175,sample_gene_z,PIPOX,PIPOX,,-0.8374689809003004,0.6290454427574037,0.15294732057635124,-5.417852995108955
1,mmr_expression_practical_ensemble,2,consistent_cross_tissue_mmr@500,sample_gene_z,consistent_cross_tissue_mmr,500,0.5,176,sample_gene_z,SLC20A2,SLC20A2,,0.7608624627991984,0.22952542839856754,0.18917408032506505,-5.417852995108955
1,mmr_expression_practical_ensemble,2,consistent_cross_tissue_mmr@500,sample_gene_z,consistent_cross_tissue_mmr,500,0.5,177,sample_gene_z,SLCO3A1,SLCO3A1,,0.26684474036603173,0.36919762903730186,-0.22229794449511728,-5.417852995108955
1,mmr_expression_practical_ensemble,2,consistent_cross_tissue_mmr@500,sample_gene_z,consistent_cross_tissue_mmr,500,0.5,178,sample_gene_z,CHAD,CHAD,,-1.415902519512994,0.4479045694018363,-0.133894805123888,-5.417852995108955
1,mmr_expression_practical_ensemble,2,consistent_cross_tissue_mmr@500,sample_gene_z,consistent_cross_tissue_mmr,500,0.5,179,sample_gene_z,TRHDE,TRHDE,,-1.2581586586571165,0.7105179352697384,0.2357518062575803,-5.417852995108955
1,mmr_expression_practical_ensemble,2,consistent_cross_tissue_mmr@500,sample_gene_z,consistent_cross_tissue_mmr,500,0.5,180,sample_gene_z,ABCC4,ABCC4,,0.36022951049066987,0.3363344746355544,-0.002378952145980315,-5.417852995108955
1,mmr_expression_practical_ensemble,2,consistent_cross_tissue_mmr@500,sample_gene_z,consistent_cross_tissue_mmr,500,0.5,181,sample_gene_z,ATOH8,ATOH8,,-0.5240753032546057,0.48145047421166376,0.07102652556964485,-5.417852995108955
1,mmr_expression_practical_ensemble,2,consistent_cross_tissue_mmr@500,sample_gene_z,consistent_cross_tissue_mmr,500,0.5,182,sample_gene_z,SRCIN1,SRCIN1,,-0.20131197462236422,0.48943641443659636,-0.17286175822403138,-5.417852995108955
1,mmr_expression_practical_ensemble,2,consistent_cross_tissue_mmr@500,sample_gene_z,consistent_cross_tissue_mmr,500,0.5,183,sample_gene_z,FUT10,FUT10,,-0.13356134078027487,0.2730545308986265,0.022277137410344323,-5.417852995108955
1,mmr_expression_practical_ensemble,2,consistent_cross_tissue_mmr@500,sample_gene_z,consistent_cross_tissue_mmr,500,0.5,184,sample_gene_z,TTC24,TTC24,,-2.115418060051825,0.4132212019206865,0.17448143977197617,-5.417852995108955
1,mmr_expression_practical_ensemble,2,consistent_cross_tissue_mmr@500,sample_gene_z,consistent_cross_tissue_mmr,500,0.5,185,sample_gene_z,GALNT7,GALNT7,,1.0351659173761711,0.29816215971920706,0.22305425104868162,-5.417852995108955
1,mmr_expression_practical_ensemble,2,consistent_cross_tissue_mmr@500,sample_gene_z,consistent_cross_tissue_mmr,500,0.5,186,sample_gene_z,GPR19,GPR19,,-1.1320629850493809,0.3570710194229614,-0.002701339462402051,-5.417852995108955
1,mmr_expression_practical_ensemble,2,consistent_cross_tissue_mmr@500,sample_gene_z,consistent_cross_tissue_mmr,500,0.5,187,sample_gene_z,NUSAP1,NUSAP1,,0.7767611837853413,0.26118343817730966,-0.015492142593811513,-5.417852995108955
1,mmr_expression_practical_ensemble,2,consistent_cross_tissue_mmr@500,sample_gene_z,consistent_cross_tissue_mmr,500,0.5,188,sample_gene_z,MYLK4,MYLK4,,-1.0636825180116167,0.3323555490273332,0.07919802311401272,-5.417852995108955
1,mmr_expression_practical_ensemble,2,consistent_cross_tissue_mmr@500,sample_gene_z,consistent_cross_tissue_mmr,500,0.5,189,sample_gene_z,POFUT1,POFUT1,,1.2146568916527412,0.2521749654318295,-0.14794333391800601,-5.417852995108955
1,mmr_expression_practical_ensemble,2,consistent_cross_tissue_mmr@500,sample_gene_z,consistent_cross_tissue_mmr,500,0.5,190,sample_gene_z,ARHGAP23,ARHGAP23,,0.43420657650033795,0.3504148415797034,-0.28309771628299807,-5.417852995108955
1,mmr_expression_practical_ensemble,2,consistent_cross_tissue_mmr@500,sample_gene_z,consistent_cross_tissue_mmr,500,0.5,191,sample_gene_z,FXN,FXN,,0.19135480230034474,0.2059371613645791,-0.2899221276212469,-5.417852995108955
1,mmr_expression_practical_ensemble,2,consistent_cross_tissue_mmr@500,sample_gene_z,consistent_cross_tissue_mmr,500,0.5,192,sample_gene_z,IGF2BP1,IGF2BP1,,-1.3982661704702444,0.9263057951839055,-0.11515575313381257,-5.417852995108955
1,mmr_expression_practical_ensemble,2,consistent_cross_tissue_mmr@500,sample_gene_z,consistent_cross_tissue_mmr,500,0.5,193,sample_gene_z,TIGIT,TIGIT,,-0.8124631351691135,0.5222384456354977,0.3821666917563825,-5.417852995108955
1,mmr_expression_practical_ensemble,2,consistent_cross_tissue_mmr@500,sample_gene_z,consistent_cross_tissue_mmr,500,0.5,194,sample_gene_z,MOCS3,MOCS3,,0.2292279764050674,0.21095439802816474,0.2084425505994636,-5.417852995108955
1,mmr_expression_practical_ensemble,2,consistent_cross_tissue_mmr@500,sample_gene_z,consistent_cross_tissue_mmr,500,0.5,195,sample_gene_z,TIPIN,TIPIN,,-0.2469467729343382,0.2621955353848331,0.018276067950173072,-5.417852995108955
1,mmr_expression_practical_ensemble,2,consistent_cross_tissue_mmr@500,sample_gene_z,consistent_cross_tissue_mmr,500,0.5,196,sample_gene_z,PGGT1B,PGGT1B,,0.33178304950586485,0.20618004212135058,0.2629570373403087,-5.417852995108955
1,mmr_expression_practical_ensemble,2,consistent_cross_tissue_mmr@500,sample_gene_z,consistent_cross_tissue_mmr,500,0.5,197,sample_gene_z,SLC38A9,SLC38A9,,0.004457405298918055,0.18607191849636134,-0.12729964646344344,-5.417852995108955
1,mmr_expression_practical_ensemble,2,consistent_cross_tissue_mmr@500,sample_gene_z,consistent_cross_tissue_mmr,500,0.5,198,sample_gene_z,SLC7A10,SLC7A10,,-2.008064952806012,0.5536386006128714,0.12343722085491775,-5.417852995108955
1,mmr_expression_practical_ensemble,2,consistent_cross_tissue_mmr@500,sample_gene_z,consistent_cross_tissue_mmr,500,0.5,199,sample_gene_z,CPE,CPE,,0.3564729882840074,0.47893599369170964,-0.137393938937798,-5.417852995108955
1,mmr_expression_practical_ensemble,2,consistent_cross_tissue_mmr@500,sample_gene_z,consistent_cross_tissue_mmr,500,0.5,200,sample_gene_z,WDR55,WDR55,,0.4998328341395035,0.16147959949342147,0.2880617444661074,-5.417852995108955
1,mmr_expression_practical_ensemble,2,consistent_cross_tissue_mmr@500,sample_gene_z,consistent_cross_tissue_mmr,500,0.5,201,sample_gene_z,GPR17,GPR17,,-1.660520501582919,0.4240366060425614,0.45215285988165144,-5.417852995108955
1,mmr_expression_practical_ensemble,2,consistent_cross_tissue_mmr@500,sample_gene_z,consistent_cross_tissue_mmr,500,0.5,202,sample_gene_z,PDCD1,PDCD1,,-0.8533909241830565,0.5168227028323478,0.19716020170460388,-5.417852995108955
1,mmr_expression_practical_ensemble,2,consistent_cross_tissue_mmr@500,sample_gene_z,consistent_cross_tissue_mmr,500,0.5,203,sample_gene_z,PTP4A3,PTP4A3,,0.6648602600964943,0.3766352984462568,0.0610755011982482,-5.417852995108955
1,mmr_expression_practical_ensemble,2,consistent_cross_tissue_mmr@500,sample_gene_z,consistent_cross_tissue_mmr,500,0.5,204,sample_gene_z,ZNF232,ZNF232,,-0.02590509166213791,0.2586642268461724,0.020649787286202266,-5.417852995108955
1,mmr_expression_practical_ensemble,2,consistent_cross_tissue_mmr@500,sample_gene_z,consistent_cross_tissue_mmr,500,0.5,205,sample_gene_z,FHOD3,FHOD3,,-0.3440570851893443,0.45230515378182035,-0.08011177119123386,-5.417852995108955
1,mmr_expression_practical_ensemble,2,consistent_cross_tissue_mmr@500,sample_gene_z,consistent_cross_tissue_mmr,500,0.5,206,sample_gene_z,CCDC152,CCDC152,,-0.7077026296991187,0.4111964832246228,-0.12742521026832776,-5.417852995108955
1,mmr_expression_practical_ensemble,2,consistent_cross_tissue_mmr@500,sample_gene_z,consistent_cross_tissue_mmr,500,0.5,207,sample_gene_z,TNFSF13,TNFSF13,,0.7125697987525342,0.3306469175988567,0.22058160171418703,-5.417852995108955
1,mmr_expression_practical_ensemble,2,consistent_cross_tissue_mmr@500,sample_gene_z,consistent_cross_tissue_mmr,500,0.5,208,sample_gene_z,TNNC2,TNNC2,,-0.9698280047010358,0.6979054026533538,0.14540347971484685,-5.417852995108955
1,mmr_expression_practical_ensemble,2,consistent_cross_tissue_mmr@500,sample_gene_z,consistent_cross_tissue_mmr,500,0.5,209,sample_gene_z,ABCB4,ABCB4,,-1.1185609189445642,0.39598430925662115,-0.020872015318903384,-5.417852995108955
1,mmr_expression_practical_ensemble,2,consistent_cross_tissue_mmr@500,sample_gene_z,consistent_cross_tissue_mmr,500,0.5,210,sample_gene_z,C1orf174,C1orf174,,0.47700135536637367,0.1465273808890901,0.2793104701847744,-5.417852995108955
1,mmr_expression_practical_ensemble,2,consistent_cross_tissue_mmr@500,sample_gene_z,consistent_cross_tissue_mmr,500,0.5,211,sample_gene_z,TXNDC17,TXNDC17,,0.7460801671442994,0.21252477663527278,-0.08391440403020052,-5.417852995108955
1,mmr_expression_practical_ensemble,2,consistent_cross_tissue_mmr@500,sample_gene_z,consistent_cross_tissue_mmr,500,0.5,212,sample_gene_z,PTPRT,PTPRT,,-1.676841152870198,0.6301380500116539,0.1609140976386638,-5.417852995108955
1,mmr_expression_practical_ensemble,2,consistent_cross_tissue_mmr@500,sample_gene_z,consistent_cross_tissue_mmr,500,0.5,213,sample_gene_z,LAMP1,LAMP1,,1.703574749165294,0.19279626756360685,-0.11656833381548434,-5.417852995108955
1,mmr_expression_practical_ensemble,2,consistent_cross_tissue_mmr@500,sample_gene_z,consistent_cross_tissue_mmr,500,0.5,214,sample_gene_z,C14orf128,C14orf128,,-0.4927193630429792,0.25822392498088503,-0.5035910767957004,-5.417852995108955
1,mmr_expression_practical_ensemble,2,consistent_cross_tissue_mmr@500,sample_gene_z,consistent_cross_tissue_mmr,500,0.5,215,sample_gene_z,ITGA9,ITGA9,,-0.24159314403214985,0.49690070882147797,0.45595556223438527,-5.417852995108955
1,mmr_expression_practical_ensemble,2,consistent_cross_tissue_mmr@500,sample_gene_z,consistent_cross_tissue_mmr,500,0.5,216,sample_gene_z,ABCF1,ABCF1,,1.051971467031701,0.15582956756900582,-0.27690944328577616,-5.417852995108955
1,mmr_expression_practical_ensemble,2,consistent_cross_tissue_mmr@500,sample_gene_z,consistent_cross_tissue_mmr,500,0.5,217,sample_gene_z,ACRC,ACRC,,-1.0671200629995707,0.3142434441565836,-0.10327833282535546,-5.417852995108955
1,mmr_expression_practical_ensemble,2,consistent_cross_tissue_mmr@500,sample_gene_z,consistent_cross_tissue_mmr,500,0.5,218,sample_gene_z,IL2RB,IL2RB,,0.11589955921066021,0.4387474362522422,-0.08660689592046066,-5.417852995108955
1,mmr_expression_practical_ensemble,2,consistent_cross_tissue_mmr@500,sample_gene_z,consistent_cross_tissue_mmr,500,0.5,219,sample_gene_z,KSR1,KSR1,,0.37757845885322655,0.24266785324706253,-0.003283257255341388,-5.417852995108955
1,mmr_expression_practical_ensemble,2,consistent_cross_tissue_mmr@500,sample_gene_z,consistent_cross_tissue_mmr,500,0.5,220,sample_gene_z,CXCR7,CXCR7,,0.3471700971236101,0.3250719520250062,0.3535225999944609,-5.417852995108955
1,mmr_expression_practical_ensemble,2,consistent_cross_tissue_mmr@500,sample_gene_z,consistent_cross_tissue_mmr,500,0.5,221,sample_gene_z,GRID2IP,GRID2IP,,-1.2434264807001414,0.35739655599767073,0.2693461759892849,-5.417852995108955
1,mmr_expression_practical_ensemble,2,consistent_cross_tissue_mmr@500,sample_gene_z,consistent_cross_tissue_mmr,500,0.5,222,sample_gene_z,GALNT1,GALNT1,,1.0944218313785719,0.224046807101383,-0.04519215995020917,-5.417852995108955
1,mmr_expression_practical_ensemble,2,consistent_cross_tissue_mmr@500,sample_gene_z,consistent_cross_tissue_mmr,500,0.5,223,sample_gene_z,PCIF1,PCIF1,,0.8389232372848083,0.15846495151331094,-0.11982269482065915,-5.417852995108955
1,mmr_expression_practical_ensemble,2,consistent_cross_tissue_mmr@500,sample_gene_z,consistent_cross_tissue_mmr,500,0.5,224,sample_gene_z,AKR1E2,AKR1E2,,-1.1043400567839967,0.579584913472996,-0.058072569715794456,-5.417852995108955
1,mmr_expression_practical_ensemble,2,consistent_cross_tissue_mmr@500,sample_gene_z,consistent_cross_tissue_mmr,500,0.5,225,sample_gene_z,YTHDF1,YTHDF1,,1.0312093353412342,0.13707098477640092,0.05796149334948966,-5.417852995108955
1,mmr_expression_practical_ensemble,2,consistent_cross_tissue_mmr@500,sample_gene_z,consistent_cross_tissue_mmr,500,0.5,226,sample_gene_z,GZMH,GZMH,,-1.0250323331502271,0.5640817866330871,-0.32186251450692627,-5.417852995108955
1,mmr_expression_practical_ensemble,2,consistent_cross_tissue_mmr@500,sample_gene_z,consistent_cross_tissue_mmr,500,0.5,227,sample_gene_z,RGN,RGN,,-1.1445187694667054,0.6481789425840422,0.03178701224635852,-5.417852995108955
1,mmr_expression_practical_ensemble,2,consistent_cross_tissue_mmr@500,sample_gene_z,consistent_cross_tissue_mmr,500,0.5,228,sample_gene_z,ASTE1,ASTE1,,-0.033681399827152014,0.14969586153343908,-0.11611316642434816,-5.417852995108955
1,mmr_expression_practical_ensemble,2,consistent_cross_tissue_mmr@500,sample_gene_z,consistent_cross_tissue_mmr,500,0.5,229,sample_gene_z,PHF7,PHF7,,-0.7040111154371536,0.3253015812876376,0.40796808297250586,-5.417852995108955
1,mmr_expression_practical_ensemble,2,consistent_cross_tissue_mmr@500,sample_gene_z,consistent_cross_tissue_mmr,500,0.5,230,sample_gene_z,TRIM36,TRIM36,,-0.30723836405226784,0.4898549957870647,0.49159630816872013,-5.417852995108955
1,mmr_expression_practical_ensemble,2,consistent_cross_tissue_mmr@500,sample_gene_z,consistent_cross_tissue_mmr,500,0.5,231,sample_gene_z,USP27X-DT,USP27X-DT,,-1.0902946180739115,0.26644564777565444,-0.05308385105569702,-5.417852995108955
1,mmr_expression_practical_ensemble,2,consistent_cross_tissue_mmr@500,sample_gene_z,consistent_cross_tissue_mmr,500,0.5,232,sample_gene_z,ELL3,ELL3,,0.17040113796643075,0.27876604789727016,-0.027462231610859058,-5.417852995108955
1,mmr_expression_practical_ensemble,2,consistent_cross_tissue_mmr@500,sample_gene_z,consistent_cross_tissue_mmr,500,0.5,233,sample_gene_z,RBM11,RBM11,,-1.2722206061017287,0.5234638422193746,0.07316357431033006,-5.417852995108955
1,mmr_expression_practical_ensemble,2,consistent_cross_tissue_mmr@500,sample_gene_z,consistent_cross_tissue_mmr,500,0.5,234,sample_gene_z,L3MBTL,L3MBTL,,-0.25384213231495645,0.3806303887431114,-0.1264921998760108,-5.417852995108955
1,mmr_expression_practical_ensemble,2,consistent_cross_tissue_mmr@500,sample_gene_z,consistent_cross_tissue_mmr,500,0.5,235,sample_gene_z,ARPM1,ARPM1,,-0.7075514261616803,0.3081770913403637,-0.020019161552372426,-5.417852995108955
1,mmr_expression_practical_ensemble,2,consistent_cross_tissue_mmr@500,sample_gene_z,consistent_cross_tissue_mmr,500,0.5,236,sample_gene_z,MYO5C,MYO5C,,0.7551252118538514,0.2899730802487135,0.054882039137355065,-5.417852995108955
1,mmr_expression_practical_ensemble,2,consistent_cross_tissue_mmr@500,sample_gene_z,consistent_cross_tissue_mmr,500,0.5,237,sample_gene_z,MLF1IP,MLF1IP,,0.41885960933586763,0.2941479922755503,0.08196026217837296,-5.417852995108955
1,mmr_expression_practical_ensemble,2,consistent_cross_tissue_mmr@500,sample_gene_z,consistent_cross_tissue_mmr,500,0.5,238,sample_gene_z,PIGN,PIGN,,0.4354992169418186,0.21648789219811349,0.049026127444460124,-5.417852995108955
1,mmr_expression_practical_ensemble,2,consistent_cross_tissue_mmr@500,sample_gene_z,consistent_cross_tissue_mmr,500,0.5,239,sample_gene_z,TP73,TP73,,-0.5935186224175434,0.6211807613567691,0.21294341707554743,-5.417852995108955
1,mmr_expression_practical_ensemble,2,consistent_cross_tissue_mmr@500,sample_gene_z,consistent_cross_tissue_mmr,500,0.5,240,sample_gene_z,PFDN4,PFDN4,,0.40346468774670213,0.27003016136541624,-0.00453645407095474,-5.417852995108955
1,mmr_expression_practical_ensemble,2,consistent_cross_tissue_mmr@500,sample_gene_z,consistent_cross_tissue_mmr,500,0.5,241,sample_gene_z,PGAM4,PGAM4,,-0.5615079479358109,0.2824140900996233,-0.1317693484471527,-5.417852995108955
1,mmr_expression_practical_ensemble,2,consistent_cross_tissue_mmr@500,sample_gene_z,consistent_cross_tissue_mmr,500,0.5,242,sample_gene_z,WNT5B,WNT5B,,-0.32493270365769283,0.4766826774783034,0.03604131917073163,-5.417852995108955
1,mmr_expression_practical_ensemble,2,consistent_cross_tissue_mmr@500,sample_gene_z,consistent_cross_tissue_mmr,500,0.5,243,sample_gene_z,EIF5A,EIF5A,,1.7757499963436958,0.20309506728617102,0.04092588602477219,-5.417852995108955
1,mmr_expression_practical_ensemble,2,consistent_cross_tissue_mmr@500,sample_gene_z,consistent_cross_tissue_mmr,500,0.5,244,sample_gene_z,WDTC1,WDTC1,,0.9657412774552704,0.22510944525689602,-0.5910000709811537,-5.417852995108955
1,mmr_expression_practical_ensemble,2,consistent_cross_tissue_mmr@500,sample_gene_z,consistent_cross_tissue_mmr,500,0.5,245,sample_gene_z,THUMPD3-AS1,THUMPD3-AS1,,0.15848893064659886,0.2511525171538878,0.20555705729611984,-5.417852995108955
1,mmr_expression_practical_ensemble,2,consistent_cross_tissue_mmr@500,sample_gene_z,consistent_cross_tissue_mmr,500,0.5,246,sample_gene_z,CCL5,CCL5,,0.3446332175461503,0.5011094370392144,0.015841429799472784,-5.417852995108955
1,mmr_expression_practical_ensemble,2,consistent_cross_tissue_mmr@500,sample_gene_z,consistent_cross_tissue_mmr,500,0.5,247,sample_gene_z,TMPRSS6,TMPRSS6,,-1.5080726783643552,0.5392546867279281,-0.09840311947784162,-5.417852995108955
1,mmr_expression_practical_ensemble,2,consistent_cross_tissue_mmr@500,sample_gene_z,consistent_cross_tissue_mmr,500,0.5,248,sample_gene_z,PAPLN,PAPLN,,0.016985120141238458,0.4402352384904822,-0.39000442860654805,-5.417852995108955
1,mmr_expression_practical_ensemble,2,consistent_cross_tissue_mmr@500,sample_gene_z,consistent_cross_tissue_mmr,500,0.5,249,sample_gene_z,C2orf54,C2orf54,,-0.2614703813435247,0.6743293996755628,0.1503269106297083,-5.417852995108955
1,mmr_expression_practical_ensemble,2,consistent_cross_tissue_mmr@500,sample_gene_z,consistent_cross_tissue_mmr,500,0.5,250,sample_gene_z,WBSCR17,WBSCR17,,-1.0179441726571101,0.5773678920219466,-0.2184797837078451,-5.417852995108955
1,mmr_expression_practical_ensemble,2,consistent_cross_tissue_mmr@500,sample_gene_z,consistent_cross_tissue_mmr,500,0.5,251,sample_gene_z,ZSWIM1,ZSWIM1,,0.3444404077855915,0.1708801480571603,0.22207765145617495,-5.417852995108955
1,mmr_expression_practical_ensemble,2,consistent_cross_tissue_mmr@500,sample_gene_z,consistent_cross_tissue_mmr,500,0.5,252,sample_gene_z,C3orf59,C3orf59,,-0.13926178169987904,0.3244197456726017,-0.006098120476211492,-5.417852995108955
1,mmr_expression_practical_ensemble,2,consistent_cross_tissue_mmr@500,sample_gene_z,consistent_cross_tissue_mmr,500,0.5,253,sample_gene_z,LYG1,LYG1,,-1.3320719021708376,0.5205883101854277,0.7211582751796853,-5.417852995108955
1,mmr_expression_practical_ensemble,2,consistent_cross_tissue_mmr@500,sample_gene_z,consistent_cross_tissue_mmr,500,0.5,254,sample_gene_z,FEN1,FEN1,,0.7767700545659688,0.21334597270586142,-0.10606925629419459,-5.417852995108955
1,mmr_expression_practical_ensemble,2,consistent_cross_tissue_mmr@500,sample_gene_z,consistent_cross_tissue_mmr,500,0.5,255,sample_gene_z,TK2,TK2,,0.47850404979693906,0.20147304021628842,0.21943837989199477,-5.417852995108955
1,mmr_expression_practical_ensemble,2,consistent_cross_tissue_mmr@500,sample_gene_z,consistent_cross_tissue_mmr,500,0.5,256,sample_gene_z,CHMP4B,CHMP4B,,1.5008388843639953,0.19007461162764258,-0.05094554948947757,-5.417852995108955
1,mmr_expression_practical_ensemble,2,consistent_cross_tissue_mmr@500,sample_gene_z,consistent_cross_tissue_mmr,500,0.5,257,sample_gene_z,TRABD,TRABD,,0.8329548478264618,0.24302783169162112,0.008709064937548701,-5.417852995108955
1,mmr_expression_practical_ensemble,2,consistent_cross_tissue_mmr@500,sample_gene_z,consistent_cross_tissue_mmr,500,0.5,258,sample_gene_z,ZNF536,ZNF536,,-1.7783663780657133,0.4994345914820806,-0.22967719444946647,-5.417852995108955
1,mmr_expression_practical_ensemble,2,consistent_cross_tissue_mmr@500,sample_gene_z,consistent_cross_tissue_mmr,500,0.5,259,sample_gene_z,FRMPD1,FRMPD1,,-1.6071308640951647,0.5978388521698637,-0.38972144638040085,-5.417852995108955
1,mmr_expression_practical_ensemble,2,consistent_cross_tissue_mmr@500,sample_gene_z,consistent_cross_tissue_mmr,500,0.5,260,sample_gene_z,PCCB,PCCB,,0.8837437485378817,0.16930791782427668,0.14313464527141076,-5.417852995108955
1,mmr_expression_practical_ensemble,2,consistent_cross_tissue_mmr@500,sample_gene_z,consistent_cross_tissue_mmr,500,0.5,261,sample_gene_z,NPY1R,NPY1R,,-1.2488315077487089,0.6213807925490713,-0.20726190857595223,-5.417852995108955
1,mmr_expression_practical_ensemble,2,consistent_cross_tissue_mmr@500,sample_gene_z,consistent_cross_tissue_mmr,500,0.5,262,sample_gene_z,PFN1,PFN1,,2.0196432053654245,0.1808110533344729,0.052806333999936034,-5.417852995108955
1,mmr_expression_practical_ensemble,2,consistent_cross_tissue_mmr@500,sample_gene_z,consistent_cross_tissue_mmr,500,0.5,263,sample_gene_z,SUSD3,SUSD3,,-0.3733969880470644,0.4349300287355878,-0.09274640349389338,-5.417852995108955
1,mmr_expression_practical_ensemble,2,consistent_cross_tissue_mmr@500,sample_gene_z,consistent_cross_tissue_mmr,500,0.5,264,sample_gene_z,SLC29A3,SLC29A3,,0.1789424292020563,0.21828990750392352,-0.2064186388839601,-5.417852995108955
1,mmr_expression_practical_ensemble,2,consistent_cross_tissue_mmr@500,sample_gene_z,consistent_cross_tissue_mmr,500,0.5,265,sample_gene_z,C1orf103,C1orf103,,0.2587453817135629,0.309283547307942,0.2618913182022375,-5.417852995108955
1,mmr_expression_practical_ensemble,2,consistent_cross_tissue_mmr@500,sample_gene_z,consistent_cross_tissue_mmr,500,0.5,266,sample_gene_z,CDK5RAP1,CDK5RAP1,,0.5504182122064555,0.1591247772424729,-0.281560211863596,-5.417852995108955
1,mmr_expression_practical_ensemble,2,consistent_cross_tissue_mmr@500,sample_gene_z,consistent_cross_tissue_mmr,500,0.5,267,sample_gene_z,DIDO1,DIDO1,,1.0601268754438649,0.1694727624003714,0.08279100814167314,-5.417852995108955
1,mmr_expression_practical_ensemble,2,consistent_cross_tissue_mmr@500,sample_gene_z,consistent_cross_tissue_mmr,500,0.5,268,sample_gene_z,PIGT,PIGT,,1.475888097851707,0.21429551125788102,-0.012098493119235908,-5.417852995108955
1,mmr_expression_practical_ensemble,2,consistent_cross_tissue_mmr@500,sample_gene_z,consistent_cross_tissue_mmr,500,0.5,269,sample_gene_z,PTGER1,PTGER1,,-1.5847957770835008,0.48845665139757827,-0.11056119434384987,-5.417852995108955
1,mmr_expression_practical_ensemble,2,consistent_cross_tissue_mmr@500,sample_gene_z,consistent_cross_tissue_mmr,500,0.5,270,sample_gene_z,GTSE1,GTSE1,,0.3397583034247122,0.2902909513193562,0.09538187151651115,-5.417852995108955
1,mmr_expression_practical_ensemble,2,consistent_cross_tissue_mmr@500,sample_gene_z,consistent_cross_tissue_mmr,500,0.5,271,sample_gene_z,DHX35,DHX35,,0.255284533707852,0.17748160074797478,-0.03226688394845373,-5.417852995108955
1,mmr_expression_practical_ensemble,2,consistent_cross_tissue_mmr@500,sample_gene_z,consistent_cross_tissue_mmr,500,0.5,272,sample_gene_z,DMD,DMD,,-0.001242250111856072,0.48103796843603264,0.04402676339645274,-5.417852995108955
1,mmr_expression_practical_ensemble,2,consistent_cross_tissue_mmr@500,sample_gene_z,consistent_cross_tissue_mmr,500,0.5,273,sample_gene_z,C20orf112,C20orf112,,0.8763443053877934,0.2763503307135111,0.08957044862180348,-5.417852995108955
1,mmr_expression_practical_ensemble,2,consistent_cross_tissue_mmr@500,sample_gene_z,consistent_cross_tissue_mmr,500,0.5,274,sample_gene_z,RNF182,RNF182,,-1.3162029860001696,0.7188257305234622,-0.1798673331532404,-5.417852995108955
1,mmr_expression_practical_ensemble,2,consistent_cross_tissue_mmr@500,sample_gene_z,consistent_cross_tissue_mmr,500,0.5,275,sample_gene_z,GNLY,GNLY,,-0.5125200719589444,0.6043495474782165,-0.2206530130246457,-5.417852995108955
1,mmr_expression_practical_ensemble,2,consistent_cross_tissue_mmr@500,sample_gene_z,consistent_cross_tissue_mmr,500,0.5,276,sample_gene_z,CELF3,CELF3,,-1.4832072231958133,0.6652138287375502,-0.35534108696239103,-5.417852995108955
1,mmr_expression_practical_ensemble,2,consistent_cross_tissue_mmr@500,sample_gene_z,consistent_cross_tissue_mmr,500,0.5,277,sample_gene_z,DUSP15,DUSP15,,-1.0858406907586395,0.5651453829766311,-0.03906303888572086,-5.417852995108955
1,mmr_expression_practical_ensemble,2,consistent_cross_tissue_mmr@500,sample_gene_z,consistent_cross_tissue_mmr,500,0.5,278,sample_gene_z,EI24,EI24,,1.2577088794947076,0.1436032602091456,0.5024282481772737,-5.417852995108955
1,mmr_expression_practical_ensemble,2,consistent_cross_tissue_mmr@500,sample_gene_z,consistent_cross_tissue_mmr,500,0.5,279,sample_gene_z,SLBP,SLBP,,0.8464472170805732,0.168827357769496,-0.08501906045793199,-5.417852995108955
1,mmr_expression_practical_ensemble,2,consistent_cross_tissue_mmr@500,sample_gene_z,consistent_cross_tissue_mmr,500,0.5,280,sample_gene_z,COLEC10,COLEC10,,-1.9122069689234515,0.3709735249616842,-0.15150743804615716,-5.417852995108955
1,mmr_expression_practical_ensemble,2,consistent_cross_tissue_mmr@500,sample_gene_z,consistent_cross_tissue_mmr,500,0.5,281,sample_gene_z,COX15,COX15,,0.8028697678887701,0.14377008074996528,-0.09665375199661025,-5.417852995108955
1,mmr_expression_practical_ensemble,2,consistent_cross_tissue_mmr@500,sample_gene_z,consistent_cross_tissue_mmr,500,0.5,282,sample_gene_z,AVIL,AVIL,,-0.6993637423204183,0.405921845212769,-0.15895947198529584,-5.417852995108955
1,mmr_expression_practical_ensemble,2,consistent_cross_tissue_mmr@500,sample_gene_z,consistent_cross_tissue_mmr,500,0.5,283,sample_gene_z,NOTUM,NOTUM,,-0.3198577400774963,1.0827162456732635,0.22973992215166733,-5.417852995108955
1,mmr_expression_practical_ensemble,2,consistent_cross_tissue_mmr@500,sample_gene_z,consistent_cross_tissue_mmr,500,0.5,284,sample_gene_z,KCNA2,KCNA2,,-2.029686785846769,0.4010368298420009,-0.005160282384333876,-5.417852995108955
1,mmr_expression_practical_ensemble,2,consistent_cross_tissue_mmr@500,sample_gene_z,consistent_cross_tissue_mmr,500,0.5,285,sample_gene_z,ANXA9,ANXA9,,-0.41416458756341373,0.44488552374409424,-0.30401539126003857,-5.417852995108955
1,mmr_expression_practical_ensemble,2,consistent_cross_tissue_mmr@500,sample_gene_z,consistent_cross_tissue_mmr,500,0.5,286,sample_gene_z,SLC7A4,SLC7A4,,-0.7028561773017697,0.6859840633448405,-0.45610418804641745,-5.417852995108955
1,mmr_expression_practical_ensemble,2,consistent_cross_tissue_mmr@500,sample_gene_z,consistent_cross_tissue_mmr,500,0.5,287,sample_gene_z,MED31,MED31,,-0.20296870533000735,0.26195003159837854,0.11478905466858917,-5.417852995108955
1,mmr_expression_practical_ensemble,2,consistent_cross_tissue_mmr@500,sample_gene_z,consistent_cross_tissue_mmr,500,0.5,288,sample_gene_z,IGSF22,IGSF22,,-1.3362579263073646,0.42905694992355053,-0.11535331707917607,-5.417852995108955
1,mmr_expression_practical_ensemble,2,consistent_cross_tissue_mmr@500,sample_gene_z,consistent_cross_tissue_mmr,500,0.5,289,sample_gene_z,FLJ35776,FLJ35776,,-0.18479612544347696,0.2984418974833669,-0.43888326592757543,-5.417852995108955
1,mmr_expression_practical_ensemble,2,consistent_cross_tissue_mmr@500,sample_gene_z,consistent_cross_tissue_mmr,500,0.5,290,sample_gene_z,MAGI2,MAGI2,,-0.5399042733948207,0.31591610970183837,0.11956914651235054,-5.417852995108955
1,mmr_expression_practical_ensemble,2,consistent_cross_tissue_mmr@500,sample_gene_z,consistent_cross_tissue_mmr,500,0.5,291,sample_gene_z,SEC14L4,SEC14L4,,-1.5960755984143422,0.6757698235358195,-0.41322187883282124,-5.417852995108955
1,mmr_expression_practical_ensemble,2,consistent_cross_tissue_mmr@500,sample_gene_z,consistent_cross_tissue_mmr,500,0.5,292,sample_gene_z,RRAGA,RRAGA,,0.9083226560022857,0.18909196787351787,-0.28432619100308865,-5.417852995108955
1,mmr_expression_practical_ensemble,2,consistent_cross_tissue_mmr@500,sample_gene_z,consistent_cross_tissue_mmr,500,0.5,293,sample_gene_z,STK38,STK38,,1.036885446435937,0.1770303228238612,0.12951832172700292,-5.417852995108955
1,mmr_expression_practical_ensemble,2,consistent_cross_tissue_mmr@500,sample_gene_z,consistent_cross_tissue_mmr,500,0.5,294,sample_gene_z,C19orf23,C19orf23,,-1.0818241976332292,0.35875056110430836,0.19680024750120825,-5.417852995108955
1,mmr_expression_practical_ensemble,2,consistent_cross_tissue_mmr@500,sample_gene_z,consistent_cross_tissue_mmr,500,0.5,295,sample_gene_z,DGCR11,DGCR11,,-0.7341595598992036,0.28336820005153174,0.23339602920291014,-5.417852995108955
1,mmr_expression_practical_ensemble,2,consistent_cross_tissue_mmr@500,sample_gene_z,consistent_cross_tissue_mmr,500,0.5,296,sample_gene_z,ZNF498,ZNF498,,0.2863348248580543,0.13623323532701878,-0.0833542269679843,-5.417852995108955
1,mmr_expression_practical_ensemble,2,consistent_cross_tissue_mmr@500,sample_gene_z,consistent_cross_tissue_mmr,500,0.5,297,sample_gene_z,NCK2,NCK2,,0.876077747575505,0.17704730927278656,0.2856508069057257,-5.417852995108955
1,mmr_expression_practical_ensemble,2,consistent_cross_tissue_mmr@500,sample_gene_z,consistent_cross_tissue_mmr,500,0.5,298,sample_gene_z,KIAA0355,KIAA0355,,0.5767285373975274,0.1737601010495504,-0.0829965971617602,-5.417852995108955
1,mmr_expression_practical_ensemble,2,consistent_cross_tissue_mmr@500,sample_gene_z,consistent_cross_tissue_mmr,500,0.5,299,sample_gene_z,HPSE2,HPSE2,,-2.0155326124595576,0.4426299498869372,-0.20472617230887719,-5.417852995108955
1,mmr_expression_practical_ensemble,2,consistent_cross_tissue_mmr@500,sample_gene_z,consistent_cross_tissue_mmr,500,0.5,300,sample_gene_z,GBE1,GBE1,,0.4284109096518619,0.25010712283752345,0.18436109035679898,-5.417852995108955
1,mmr_expression_practical_ensemble,2,consistent_cross_tissue_mmr@500,sample_gene_z,consistent_cross_tissue_mmr,500,0.5,301,sample_gene_z,RRAGB,RRAGB,,-0.0009195811591081084,0.2153797266956312,-0.04756743150358464,-5.417852995108955
1,mmr_expression_practical_ensemble,2,consistent_cross_tissue_mmr@500,sample_gene_z,consistent_cross_tissue_mmr,500,0.5,302,sample_gene_z,CES8,CES8,,-0.7943230982356433,0.4819220674829072,0.0605727763730312,-5.417852995108955
1,mmr_expression_practical_ensemble,2,consistent_cross_tissue_mmr@500,sample_gene_z,consistent_cross_tissue_mmr,500,0.5,303,sample_gene_z,MANBAL,MANBAL,,0.8507296689714714,0.14925613362050755,0.22098235753088608,-5.417852995108955
1,mmr_expression_practical_ensemble,2,consistent_cross_tissue_mmr@500,sample_gene_z,consistent_cross_tissue_mmr,500,0.5,304,sample_gene_z,WWC3,WWC3,,0.6027689205400085,0.2495586167841977,0.31433312517596795,-5.417852995108955
1,mmr_expression_practical_ensemble,2,consistent_cross_tissue_mmr@500,sample_gene_z,consistent_cross_tissue_mmr,500,0.5,305,sample_gene_z,CROT,CROT,,0.10606923329971142,0.2712294274536298,-0.048023266895597466,-5.417852995108955
1,mmr_expression_practical_ensemble,2,consistent_cross_tissue_mmr@500,sample_gene_z,consistent_cross_tissue_mmr,500,0.5,306,sample_gene_z,LOC283070,LOC283070,,0.053041894417148724,0.3976547965034796,0.13317504598373797,-5.417852995108955
1,mmr_expression_practical_ensemble,2,consistent_cross_tissue_mmr@500,sample_gene_z,consistent_cross_tissue_mmr,500,0.5,307,sample_gene_z,ZGPAT,ZGPAT,,0.6609051951987833,0.20475508799609593,0.1833139897077698,-5.417852995108955
1,mmr_expression_practical_ensemble,2,consistent_cross_tissue_mmr@500,sample_gene_z,consistent_cross_tissue_mmr,500,0.5,308,sample_gene_z,WDR41,WDR41,,0.37618781965913684,0.1829571430202864,0.2639635473443649,-5.417852995108955
1,mmr_expression_practical_ensemble,2,consistent_cross_tissue_mmr@500,sample_gene_z,consistent_cross_tissue_mmr,500,0.5,309,sample_gene_z,PHF20,PHF20,,0.7803674097696777,0.1474274853356519,0.3748859753911946,-5.417852995108955
1,mmr_expression_practical_ensemble,2,consistent_cross_tissue_mmr@500,sample_gene_z,consistent_cross_tissue_mmr,500,0.5,310,sample_gene_z,KLC4,KLC4,,0.6830711906167399,0.2442526799766826,-0.031937323508952294,-5.417852995108955
1,mmr_expression_practical_ensemble,2,consistent_cross_tissue_mmr@500,sample_gene_z,consistent_cross_tissue_mmr,500,0.5,311,sample_gene_z,ACR,ACR,,-1.930166883750285,0.3358540261924624,0.41053716897251535,-5.417852995108955
1,mmr_expression_practical_ensemble,2,consistent_cross_tissue_mmr@500,sample_gene_z,consistent_cross_tissue_mmr,500,0.5,312,sample_gene_z,GSR,GSR,,0.8476540708880245,0.30159671216407724,-0.05538986041080141,-5.417852995108955
1,mmr_expression_practical_ensemble,2,consistent_cross_tissue_mmr@500,sample_gene_z,consistent_cross_tissue_mmr,500,0.5,313,sample_gene_z,JAKMIP1,JAKMIP1,,-1.3839371317221039,0.5147343966625605,-0.12246982200996331,-5.417852995108955
1,mmr_expression_practical_ensemble,2,consistent_cross_tissue_mmr@500,sample_gene_z,consistent_cross_tissue_mmr,500,0.5,314,sample_gene_z,ESCO2,ESCO2,,0.041649465785340664,0.39300961441940124,-0.06401991021125301,-5.417852995108955
1,mmr_expression_practical_ensemble,2,consistent_cross_tissue_mmr@500,sample_gene_z,consistent_cross_tissue_mmr,500,0.5,315,sample_gene_z,ZSCAN20,ZSCAN20,,-0.5838341978072586,0.20875275605960178,-0.019565423314091904,-5.417852995108955
1,mmr_expression_practical_ensemble,2,consistent_cross_tissue_mmr@500,sample_gene_z,consistent_cross_tissue_mmr,500,0.5,316,sample_gene_z,NKG7,NKG7,,-0.3608314039599873,0.5311425742513899,-0.1420061425255197,-5.417852995108955
1,mmr_expression_practical_ensemble,2,consistent_cross_tissue_mmr@500,sample_gene_z,consistent_cross_tissue_mmr,500,0.5,317,sample_gene_z,GLOD4,GLOD4,,0.8785933954265868,0.15376186748202686,0.054465512298546195,-5.417852995108955
1,mmr_expression_practical_ensemble,2,consistent_cross_tissue_mmr@500,sample_gene_z,consistent_cross_tissue_mmr,500,0.5,318,sample_gene_z,STIM2,STIM2,,0.45995049719704284,0.19997885970634188,-0.023913935509114623,-5.417852995108955
1,mmr_expression_practical_ensemble,2,consistent_cross_tissue_mmr@500,sample_gene_z,consistent_cross_tissue_mmr,500,0.5,319,sample_gene_z,LDHA,LDHA,,2.0243440338126133,0.20549146004920646,0.011060572442268225,-5.417852995108955
1,mmr_expression_practical_ensemble,2,consistent_cross_tissue_mmr@500,sample_gene_z,consistent_cross_tissue_mmr,500,0.5,320,sample_gene_z,NPFFR1,NPFFR1,,-1.9177104269718654,0.4081485750088165,0.4005293678464789,-5.417852995108955
1,mmr_expression_practical_ensemble,2,consistent_cross_tissue_mmr@500,sample_gene_z,consistent_cross_tissue_mmr,500,0.5,321,sample_gene_z,ZNF683,ZNF683,,-1.1308160420279727,0.6599672101155002,-0.2315034211949659,-5.417852995108955
1,mmr_expression_practical_ensemble,2,consistent_cross_tissue_mmr@500,sample_gene_z,consistent_cross_tissue_mmr,500,0.5,322,sample_gene_z,EXOSC9,EXOSC9,,0.40151190243429236,0.17833882707160095,-0.35737941883954927,-5.417852995108955
1,mmr_expression_practical_ensemble,2,consistent_cross_tissue_mmr@500,sample_gene_z,consistent_cross_tissue_mmr,500,0.5,323,sample_gene_z,RNF160,RNF160,,0.47380472613861574,0.2541097876554673,-0.5946841573051341,-5.417852995108955
1,mmr_expression_practical_ensemble,2,consistent_cross_tissue_mmr@500,sample_gene_z,consistent_cross_tissue_mmr,500,0.5,324,sample_gene_z,PRF1,PRF1,,-0.22659863724667786,0.4677995539040661,-0.12874837188339697,-5.417852995108955
1,mmr_expression_practical_ensemble,2,consistent_cross_tissue_mmr@500,sample_gene_z,consistent_cross_tissue_mmr,500,0.5,325,sample_gene_z,ORAOV1,ORAOV1,,0.18538907657588038,0.18029729506378855,-0.1108533762092147,-5.417852995108955
1,mmr_expression_practical_ensemble,2,consistent_cross_tissue_mmr@500,sample_gene_z,consistent_cross_tissue_mmr,500,0.5,326,sample_gene_z,C3orf14,C3orf14,,-0.8164843077511026,0.5820797527065447,-0.09255703943697141,-5.417852995108955
1,mmr_expression_practical_ensemble,2,consistent_cross_tissue_mmr@500,sample_gene_z,consistent_cross_tissue_mmr,500,0.5,327,sample_gene_z,SEMA4B,SEMA4B,,1.1677169338472995,0.2825091191025167,-0.13789039378298118,-5.417852995108955
1,mmr_expression_practical_ensemble,2,consistent_cross_tissue_mmr@500,sample_gene_z,consistent_cross_tissue_mmr,500,0.5,328,sample_gene_z,MAFF,MAFF,,0.5664969426984047,0.27432993143617657,0.3724084295638317,-5.417852995108955
1,mmr_expression_practical_ensemble,2,consistent_cross_tissue_mmr@500,sample_gene_z,consistent_cross_tissue_mmr,500,0.5,329,sample_gene_z,CTTNBP2,CTTNBP2,,-0.2569134443447556,0.6064288942844632,-0.34946259152347187,-5.417852995108955
1,mmr_expression_practical_ensemble,2,consistent_cross_tissue_mmr@500,sample_gene_z,consistent_cross_tissue_mmr,500,0.5,330,sample_gene_z,MPDU1,MPDU1,,0.8702456090748742,0.2211941023032648,-0.1546733347894508,-5.417852995108955
1,mmr_expression_practical_ensemble,2,consistent_cross_tissue_mmr@500,sample_gene_z,consistent_cross_tissue_mmr,500,0.5,331,sample_gene_z,ZNF423,ZNF423,,-0.31178017037189026,0.49239393972657286,-0.2265083335063689,-5.417852995108955
1,mmr_expression_practical_ensemble,2,consistent_cross_tissue_mmr@500,sample_gene_z,consistent_cross_tissue_mmr,500,0.5,332,sample_gene_z,NELL1,NELL1,,-1.817704634346572,0.6345045794061417,-0.043967612426601396,-5.417852995108955
1,mmr_expression_practical_ensemble,2,consistent_cross_tissue_mmr@500,sample_gene_z,consistent_cross_tissue_mmr,500,0.5,333,sample_gene_z,NCAPG,NCAPG,,0.49704320743650315,0.290029693429435,0.03556802612025521,-5.417852995108955
1,mmr_expression_practical_ensemble,2,consistent_cross_tissue_mmr@500,sample_gene_z,consistent_cross_tissue_mmr,500,0.5,334,sample_gene_z,NAALADL1,NAALADL1,,-0.6690331978688268,0.3859281550025805,0.23468251344188093,-5.417852995108955
1,mmr_expression_practical_ensemble,2,consistent_cross_tissue_mmr@500,sample_gene_z,consistent_cross_tissue_mmr,500,0.5,335,sample_gene_z,TTLL2,TTLL2,,-1.4212753253629218,0.486385474229517,0.09260365253375671,-5.417852995108955
1,mmr_expression_practical_ensemble,2,consistent_cross_tissue_mmr@500,sample_gene_z,consistent_cross_tissue_mmr,500,0.5,336,sample_gene_z,MAML2,MAML2,,0.13323925508110698,0.3103928688226612,-0.26266563000755233,-5.417852995108955
1,mmr_expression_practical_ensemble,2,consistent_cross_tissue_mmr@500,sample_gene_z,consistent_cross_tissue_mmr,500,0.5,337,sample_gene_z,LOC100132354,LOC100132354,,-1.7565618428576255,0.6001521631971269,0.13848439578593139,-5.417852995108955
1,mmr_expression_practical_ensemble,2,consistent_cross_tissue_mmr@500,sample_gene_z,consistent_cross_tissue_mmr,500,0.5,338,sample_gene_z,GABRR1,GABRR1,,-1.974598129938021,0.5645593868198518,-0.4803990586180833,-5.417852995108955
1,mmr_expression_practical_ensemble,2,consistent_cross_tissue_mmr@500,sample_gene_z,consistent_cross_tissue_mmr,500,0.5,339,sample_gene_z,CEP68,CEP68,,0.49535830685744425,0.18858001567538882,-0.06341384477316281,-5.417852995108955
1,mmr_expression_practical_ensemble,2,consistent_cross_tissue_mmr@500,sample_gene_z,consistent_cross_tissue_mmr,500,0.5,340,sample_gene_z,PPAPDC1B,PPAPDC1B,,0.6263731503485048,0.2499142073745729,0.05240969976678738,-5.417852995108955
1,mmr_expression_practical_ensemble,2,consistent_cross_tissue_mmr@500,sample_gene_z,consistent_cross_tissue_mmr,500,0.5,341,sample_gene_z,PDS5A,PDS5A,,1.1976205592842508,0.1544816585937079,0.2193717235024463,-5.417852995108955
1,mmr_expression_practical_ensemble,2,consistent_cross_tissue_mmr@500,sample_gene_z,consistent_cross_tissue_mmr,500,0.5,342,sample_gene_z,ACTG1,ACTG1,,2.796703463995354,0.19831464087270426,-0.2344924094292036,-5.417852995108955
1,mmr_expression_practical_ensemble,2,consistent_cross_tissue_mmr@500,sample_gene_z,consistent_cross_tissue_mmr,500,0.5,343,sample_gene_z,FAM3B,FAM3B,,-0.18952119696446265,0.8800658922229768,-0.13821596364825858,-5.417852995108955
1,mmr_expression_practical_ensemble,2,consistent_cross_tissue_mmr@500,sample_gene_z,consistent_cross_tissue_mmr,500,0.5,344,sample_gene_z,PINX1,PINX1,,-0.11179171249420974,0.27041664879152105,0.24049068373499058,-5.417852995108955
1,mmr_expression_practical_ensemble,2,consistent_cross_tissue_mmr@500,sample_gene_z,consistent_cross_tissue_mmr,500,0.5,345,sample_gene_z,CXCL9,CXCL9,,0.2389847142904219,0.7241800826079663,0.23310961769542,-5.417852995108955
1,mmr_expression_practical_ensemble,2,consistent_cross_tissue_mmr@500,sample_gene_z,consistent_cross_tissue_mmr,500,0.5,346,sample_gene_z,GBGT1,GBGT1,,-0.3699327777671404,0.3368546228313799,0.2510822159835462,-5.417852995108955
1,mmr_expression_practical_ensemble,2,consistent_cross_tissue_mmr@500,sample_gene_z,consistent_cross_tissue_mmr,500,0.5,347,sample_gene_z,RG9MTD2,RG9MTD2,,-0.12461933738530091,0.25450275975268993,-0.166571275635771,-5.417852995108955
1,mmr_expression_practical_ensemble,2,consistent_cross_tissue_mmr@500,sample_gene_z,consistent_cross_tissue_mmr,500,0.5,348,sample_gene_z,C18orf55,C18orf55,,0.2043863839644578,0.20542596961214418,0.07008078867195673,-5.417852995108955
1,mmr_expression_practical_ensemble,2,consistent_cross_tissue_mmr@500,sample_gene_z,consistent_cross_tissue_mmr,500,0.5,349,sample_gene_z,KIAA1841,KIAA1841,,0.09765381567603221,0.23579686476974418,-0.1426212540172841,-5.417852995108955
1,mmr_expression_practical_ensemble,2,consistent_cross_tissue_mmr@500,sample_gene_z,consistent_cross_tissue_mmr,500,0.5,350,sample_gene_z,ADNP2,ADNP2,,0.5278797335756663,0.18456057118882857,0.23623782391808867,-5.417852995108955
1,mmr_expression_practical_ensemble,2,consistent_cross_tissue_mmr@500,sample_gene_z,consistent_cross_tissue_mmr,500,0.5,351,sample_gene_z,CAMKV,CAMKV,,-1.6565766765122893,0.6466470241925262,-0.004702875196919733,-5.417852995108955
1,mmr_expression_practical_ensemble,2,consistent_cross_tissue_mmr@500,sample_gene_z,consistent_cross_tissue_mmr,500,0.5,352,sample_gene_z,RHCG,RHCG,,-1.209595440408958,0.8167206970550503,-0.18378434713159947,-5.417852995108955
1,mmr_expression_practical_ensemble,2,consistent_cross_tissue_mmr@500,sample_gene_z,consistent_cross_tissue_mmr,500,0.5,353,sample_gene_z,RPL32P3,RPL32P3,,-0.19099228584781638,0.24883418807851126,-0.35192072977968003,-5.417852995108955
1,mmr_expression_practical_ensemble,2,consistent_cross_tissue_mmr@500,sample_gene_z,consistent_cross_tissue_mmr,500,0.5,354,sample_gene_z,IVD,IVD,,0.9584081426412525,0.18588450520260622,-0.04516694767683588,-5.417852995108955
1,mmr_expression_practical_ensemble,2,consistent_cross_tissue_mmr@500,sample_gene_z,consistent_cross_tissue_mmr,500,0.5,355,sample_gene_z,PEPD,PEPD,,0.8651147986703893,0.21633920261505643,-0.07380579441533423,-5.417852995108955
1,mmr_expression_practical_ensemble,2,consistent_cross_tissue_mmr@500,sample_gene_z,consistent_cross_tissue_mmr,500,0.5,356,sample_gene_z,CDKN2BAS,CDKN2BAS,,-1.431473244268491,0.5661626119126058,-0.28695285249625,-5.417852995108955
1,mmr_expression_practical_ensemble,2,consistent_cross_tissue_mmr@500,sample_gene_z,consistent_cross_tissue_mmr,500,0.5,357,sample_gene_z,SAP30,SAP30,,-0.0306050933098124,0.2581878835911203,0.09226503615873305,-5.417852995108955
1,mmr_expression_practical_ensemble,2,consistent_cross_tissue_mmr@500,sample_gene_z,consistent_cross_tissue_mmr,500,0.5,358,sample_gene_z,WDR76,WDR76,,0.020180601696904117,0.29676792851328654,0.049966750534182675,-5.417852995108955
1,mmr_expression_practical_ensemble,2,consistent_cross_tissue_mmr@500,sample_gene_z,consistent_cross_tissue_mmr,500,0.5,359,sample_gene_z,CLDN16,CLDN16,,-1.7313608378104683,0.5730817299137324,-0.5221588454814298,-5.417852995108955
1,mmr_expression_practical_ensemble,2,consistent_cross_tissue_mmr@500,sample_gene_z,consistent_cross_tissue_mmr,500,0.5,360,sample_gene_z,NXPH3,NXPH3,,-0.7925901480156964,0.5671496084667131,0.0935252015628819,-5.417852995108955
1,mmr_expression_practical_ensemble,2,consistent_cross_tissue_mmr@500,sample_gene_z,consistent_cross_tissue_mmr,500,0.5,361,sample_gene_z,CYP27A1,CYP27A1,,0.4915677838518094,0.3753579927546438,0.22769144023825066,-5.417852995108955
1,mmr_expression_practical_ensemble,2,consistent_cross_tissue_mmr@500,sample_gene_z,consistent_cross_tissue_mmr,500,0.5,362,sample_gene_z,MAP7D2,MAP7D2,,-0.8847098197570927,0.851069075100958,0.007792972371260101,-5.417852995108955
1,mmr_expression_practical_ensemble,2,consistent_cross_tissue_mmr@500,sample_gene_z,consistent_cross_tissue_mmr,500,0.5,363,sample_gene_z,PRKCE,PRKCE,,-0.04564963443855402,0.22235565310633595,0.37451031959576153,-5.417852995108955
1,mmr_expression_practical_ensemble,2,consistent_cross_tissue_mmr@500,sample_gene_z,consistent_cross_tissue_mmr,500,0.5,364,sample_gene_z,STAG3L3,STAG3L3,,0.010302200507801333,0.21543437669842108,0.007628670371928888,-5.417852995108955
1,mmr_expression_practical_ensemble,2,consistent_cross_tissue_mmr@500,sample_gene_z,consistent_cross_tissue_mmr,500,0.5,365,sample_gene_z,ADARB2,ADARB2,,-1.9152216522165886,0.41293743934687177,0.18541746445547935,-5.417852995108955
1,mmr_expression_practical_ensemble,2,consistent_cross_tissue_mmr@500,sample_gene_z,consistent_cross_tissue_mmr,500,0.5,366,sample_gene_z,GTF2E2,GTF2E2,,0.6116181382405185,0.2080002844584112,-0.02194478016949202,-5.417852995108955
1,mmr_expression_practical_ensemble,2,consistent_cross_tissue_mmr@500,sample_gene_z,consistent_cross_tissue_mmr,500,0.5,367,sample_gene_z,WNT4,WNT4,,-0.4639415769666487,0.5066305876370506,0.1478269069642115,-5.417852995108955
1,mmr_expression_practical_ensemble,2,consistent_cross_tissue_mmr@500,sample_gene_z,consistent_cross_tissue_mmr,500,0.5,368,sample_gene_z,NUDT6,NUDT6,,-0.5170718497836185,0.34023636072280666,-0.09359799813038626,-5.417852995108955
1,mmr_expression_practical_ensemble,2,consistent_cross_tissue_mmr@500,sample_gene_z,consistent_cross_tissue_mmr,500,0.5,369,sample_gene_z,ADNP,ADNP,,1.1776965854052788,0.16770406002788416,0.22143542903502103,-5.417852995108955
1,mmr_expression_practical_ensemble,2,consistent_cross_tissue_mmr@500,sample_gene_z,consistent_cross_tissue_mmr,500,0.5,370,sample_gene_z,SEPP1,SEPP1,,1.2640230735752347,0.4638571277346837,0.16168160734899462,-5.417852995108955
1,mmr_expression_practical_ensemble,2,consistent_cross_tissue_mmr@500,sample_gene_z,consistent_cross_tissue_mmr,500,0.5,371,sample_gene_z,SAAL1,SAAL1,,0.14965326875572524,0.20817034511808777,0.2822538003499143,-5.417852995108955
1,mmr_expression_practical_ensemble,2,consistent_cross_tissue_mmr@500,sample_gene_z,consistent_cross_tissue_mmr,500,0.5,372,sample_gene_z,CD8A,CD8A,,-0.25707657026481195,0.5337406906414149,-0.004052425204626561,-5.417852995108955
1,mmr_expression_practical_ensemble,2,consistent_cross_tissue_mmr@500,sample_gene_z,consistent_cross_tissue_mmr,500,0.5,373,sample_gene_z,DUSP4,DUSP4,,0.18768585581716504,0.5793716511812274,0.3328309616392039,-5.417852995108955
1,mmr_expression_practical_ensemble,2,consistent_cross_tissue_mmr@500,sample_gene_z,consistent_cross_tissue_mmr,500,0.5,374,sample_gene_z,CD27-AS1,CD27-AS1,,0.08987022534965411,0.2205070742833342,0.02464880647692923,-5.417852995108955
1,mmr_expression_practical_ensemble,2,consistent_cross_tissue_mmr@500,sample_gene_z,consistent_cross_tissue_mmr,500,0.5,375,sample_gene_z,FUNDC2,FUNDC2,,0.8298808634141127,0.17164715153593904,0.2913681049498319,-5.417852995108955
1,mmr_expression_practical_ensemble,2,consistent_cross_tissue_mmr@500,sample_gene_z,consistent_cross_tissue_mmr,500,0.5,376,sample_gene_z,C1orf59,C1orf59,,0.051190680021494406,0.4756819333876244,-0.3848142146704472,-5.417852995108955
1,mmr_expression_practical_ensemble,2,consistent_cross_tissue_mmr@500,sample_gene_z,consistent_cross_tissue_mmr,500,0.5,377,sample_gene_z,ZNF846,ZNF846,,-0.5576827629934956,0.24377166904574332,-0.11637505692606213,-5.417852995108955
1,mmr_expression_practical_ensemble,2,consistent_cross_tissue_mmr@500,sample_gene_z,consistent_cross_tissue_mmr,500,0.5,378,sample_gene_z,MRE11A,MRE11A,,0.3696375526975676,0.22069097286693587,-0.050900114311313804,-5.417852995108955
1,mmr_expression_practical_ensemble,2,consistent_cross_tissue_mmr@500,sample_gene_z,consistent_cross_tissue_mmr,500,0.5,379,sample_gene_z,KLRG2,KLRG2,,-1.7877469678606472,0.6368206295358155,-0.19378885854561415,-5.417852995108955
1,mmr_expression_practical_ensemble,2,consistent_cross_tissue_mmr@500,sample_gene_z,consistent_cross_tissue_mmr,500,0.5,380,sample_gene_z,CAB39L,CAB39L,,0.13712597349571493,0.387849190785904,0.2685815509414183,-5.417852995108955
1,mmr_expression_practical_ensemble,2,consistent_cross_tissue_mmr@500,sample_gene_z,consistent_cross_tissue_mmr,500,0.5,381,sample_gene_z,NUDT2,NUDT2,,0.19155772113017674,0.2628315239852052,-0.08270560254338251,-5.417852995108955
1,mmr_expression_practical_ensemble,2,consistent_cross_tissue_mmr@500,sample_gene_z,consistent_cross_tissue_mmr,500,0.5,382,sample_gene_z,SLC19A3,SLC19A3,,-0.6482028109849566,0.858637503390404,-0.2414334471423527,-5.417852995108955
1,mmr_expression_practical_ensemble,2,consistent_cross_tissue_mmr@500,sample_gene_z,consistent_cross_tissue_mmr,500,0.5,383,sample_gene_z,TTC37,TTC37,,0.7483163557034207,0.2675548572225131,-0.18931241695134174,-5.417852995108955
1,mmr_expression_practical_ensemble,2,consistent_cross_tissue_mmr@500,sample_gene_z,consistent_cross_tissue_mmr,500,0.5,384,sample_gene_z,CHGB,CHGB,,-1.267408164265156,0.7383916422815785,-0.20618603367682453,-5.417852995108955
1,mmr_expression_practical_ensemble,2,consistent_cross_tissue_mmr@500,sample_gene_z,consistent_cross_tissue_mmr,500,0.5,385,sample_gene_z,RAE1,RAE1,,0.777495828723607,0.1863444834904187,-0.05058639099851152,-5.417852995108955
1,mmr_expression_practical_ensemble,2,consistent_cross_tissue_mmr@500,sample_gene_z,consistent_cross_tissue_mmr,500,0.5,386,sample_gene_z,C1orf96,C1orf96,,0.20190358660098448,0.2427043619266216,0.20769691027222453,-5.417852995108955
1,mmr_expression_practical_ensemble,2,consistent_cross_tissue_mmr@500,sample_gene_z,consistent_cross_tissue_mmr,500,0.5,387,sample_gene_z,HEATR4,HEATR4,,-1.7401267870787174,0.35147732138717946,-0.07220640450448813,-5.417852995108955
1,mmr_expression_practical_ensemble,2,consistent_cross_tissue_mmr@500,sample_gene_z,consistent_cross_tissue_mmr,500,0.5,388,sample_gene_z,CLDN9,CLDN9,,-0.9045624423643042,0.6982712341065185,-0.10006174232820339,-5.417852995108955
1,mmr_expression_practical_ensemble,2,consistent_cross_tissue_mmr@500,sample_gene_z,consistent_cross_tissue_mmr,500,0.5,389,sample_gene_z,RPN2,RPN2,,1.8557725106420357,0.17928694980430107,0.06177194551573697,-5.417852995108955
1,mmr_expression_practical_ensemble,2,consistent_cross_tissue_mmr@500,sample_gene_z,consistent_cross_tissue_mmr,500,0.5,390,sample_gene_z,ZNF608,ZNF608,,0.16635311045180137,0.37001972273192746,0.3745292562713084,-5.417852995108955
1,mmr_expression_practical_ensemble,2,consistent_cross_tissue_mmr@500,sample_gene_z,consistent_cross_tissue_mmr,500,0.5,391,sample_gene_z,PDK1,PDK1,,0.3844308597873962,0.2863690430016785,0.05126224585099351,-5.417852995108955
1,mmr_expression_practical_ensemble,2,consistent_cross_tissue_mmr@500,sample_gene_z,consistent_cross_tissue_mmr,500,0.5,392,sample_gene_z,ZWINT,ZWINT,,0.7538059700326393,0.2428443482436224,-0.11031271178186101,-5.417852995108955
1,mmr_expression_practical_ensemble,2,consistent_cross_tissue_mmr@500,sample_gene_z,consistent_cross_tissue_mmr,500,0.5,393,sample_gene_z,BIN1,BIN1,,0.8290199523714412,0.2604352541857261,-0.10145842883977307,-5.417852995108955
1,mmr_expression_practical_ensemble,2,consistent_cross_tissue_mmr@500,sample_gene_z,consistent_cross_tissue_mmr,500,0.5,394,sample_gene_z,TDRKH,TDRKH,,0.10105546694705768,0.2356541018592977,0.06227935431581923,-5.417852995108955
1,mmr_expression_practical_ensemble,2,consistent_cross_tissue_mmr@500,sample_gene_z,consistent_cross_tissue_mmr,500,0.5,395,sample_gene_z,RPL23AP82,RPL23AP82,,-0.33644339271235807,0.21464462736322235,0.2304516500982848,-5.417852995108955
1,mmr_expression_practical_ensemble,2,consistent_cross_tissue_mmr@500,sample_gene_z,consistent_cross_tissue_mmr,500,0.5,396,sample_gene_z,HSPBAP1,HSPBAP1,,-0.07924445914453368,0.18562780092030187,0.23387038886528946,-5.417852995108955
1,mmr_expression_practical_ensemble,2,consistent_cross_tissue_mmr@500,sample_gene_z,consistent_cross_tissue_mmr,500,0.5,397,sample_gene_z,UBA2,UBA2,,1.1457463435951454,0.1777837833501754,0.06939604480018124,-5.417852995108955
1,mmr_expression_practical_ensemble,2,consistent_cross_tissue_mmr@500,sample_gene_z,consistent_cross_tissue_mmr,500,0.5,398,sample_gene_z,SEC63,SEC63,,1.1019880133458173,0.16722982305975082,-0.3496965127886497,-5.417852995108955
1,mmr_expression_practical_ensemble,2,consistent_cross_tissue_mmr@500,sample_gene_z,consistent_cross_tissue_mmr,500,0.5,399,sample_gene_z,KANK1,KANK1,,0.7342605438544713,0.2828183377281474,0.05328776999855989,-5.417852995108955
1,mmr_expression_practical_ensemble,2,consistent_cross_tissue_mmr@500,sample_gene_z,consistent_cross_tissue_mmr,500,0.5,400,sample_gene_z,IL1RL2,IL1RL2,,-1.2554542443651806,0.549767381564987,-0.391020865898934,-5.417852995108955
1,mmr_expression_practical_ensemble,2,consistent_cross_tissue_mmr@500,sample_gene_z,consistent_cross_tissue_mmr,500,0.5,401,sample_gene_z,EXO1,EXO1,,0.1011614798619114,0.32157788655963343,0.15702612093086762,-5.417852995108955
1,mmr_expression_practical_ensemble,2,consistent_cross_tissue_mmr@500,sample_gene_z,consistent_cross_tissue_mmr,500,0.5,402,sample_gene_z,MLL4,MLL4,,0.9314023403186164,0.18148111222258873,0.04751408664052936,-5.417852995108955
1,mmr_expression_practical_ensemble,2,consistent_cross_tissue_mmr@500,sample_gene_z,consistent_cross_tissue_mmr,500,0.5,403,sample_gene_z,SMG5,SMG5,,1.2178683656665663,0.1655375221781238,-0.19467029929796906,-5.417852995108955
1,mmr_expression_practical_ensemble,2,consistent_cross_tissue_mmr@500,sample_gene_z,consistent_cross_tissue_mmr,500,0.5,404,sample_gene_z,ANXA2,ANXA2,,1.996186372342189,0.2607009327451269,0.05969132504059996,-5.417852995108955
1,mmr_expression_practical_ensemble,2,consistent_cross_tissue_mmr@500,sample_gene_z,consistent_cross_tissue_mmr,500,0.5,405,sample_gene_z,ATP9A,ATP9A,,1.2648662698375952,0.3053986335942037,0.1837631485583328,-5.417852995108955
1,mmr_expression_practical_ensemble,2,consistent_cross_tissue_mmr@500,sample_gene_z,consistent_cross_tissue_mmr,500,0.5,406,sample_gene_z,ST6GAL1,ST6GAL1,,1.0588149703061804,0.37707761516752497,0.25459859772793625,-5.417852995108955
1,mmr_expression_practical_ensemble,2,consistent_cross_tissue_mmr@500,sample_gene_z,consistent_cross_tissue_mmr,500,0.5,407,sample_gene_z,KLHL29,KLHL29,,-0.08972260179713316,0.37854919343537585,-0.12534935236253836,-5.417852995108955
1,mmr_expression_practical_ensemble,2,consistent_cross_tissue_mmr@500,sample_gene_z,consistent_cross_tissue_mmr,500,0.5,408,sample_gene_z,FZD7,FZD7,,0.24986137836626784,0.44205704081960434,-0.26726581476790917,-5.417852995108955
1,mmr_expression_practical_ensemble,2,consistent_cross_tissue_mmr@500,sample_gene_z,consistent_cross_tissue_mmr,500,0.5,409,sample_gene_z,SLA2,SLA2,,-0.793246473580097,0.42731147190328483,0.0626740110609958,-5.417852995108955
1,mmr_expression_practical_ensemble,2,consistent_cross_tissue_mmr@500,sample_gene_z,consistent_cross_tissue_mmr,500,0.5,410,sample_gene_z,MCM5,MCM5,,0.9137042289003928,0.22559458465085094,0.5677758996472952,-5.417852995108955
1,mmr_expression_practical_ensemble,2,consistent_cross_tissue_mmr@500,sample_gene_z,consistent_cross_tissue_mmr,500,0.5,411,sample_gene_z,SLC16A4,SLC16A4,,-0.30545335652942884,0.4145452431398835,0.12664503456799261,-5.417852995108955
1,mmr_expression_practical_ensemble,2,consistent_cross_tissue_mmr@500,sample_gene_z,consistent_cross_tissue_mmr,500,0.5,412,sample_gene_z,CXCR6,CXCR6,,-0.5532566126773235,0.458158004646959,0.2765450795422076,-5.417852995108955
1,mmr_expression_practical_ensemble,2,consistent_cross_tissue_mmr@500,sample_gene_z,consistent_cross_tissue_mmr,500,0.5,413,sample_gene_z,KIAA1826,KIAA1826,,0.19950675042128338,0.2565113692716244,-0.2567754152366765,-5.417852995108955
1,mmr_expression_practical_ensemble,2,consistent_cross_tissue_mmr@500,sample_gene_z,consistent_cross_tissue_mmr,500,0.5,414,sample_gene_z,KCNMB3,KCNMB3,,-0.6526314729652508,0.2893832875571952,-0.0639944242480862,-5.417852995108955
1,mmr_expression_practical_ensemble,2,consistent_cross_tissue_mmr@500,sample_gene_z,consistent_cross_tissue_mmr,500,0.5,415,sample_gene_z,ZNF217,ZNF217,,0.9500285794381905,0.23377553900294068,-0.23145662657852645,-5.417852995108955
1,mmr_expression_practical_ensemble,2,consistent_cross_tissue_mmr@500,sample_gene_z,consistent_cross_tissue_mmr,500,0.5,416,sample_gene_z,SLC7A8,SLC7A8,,0.6489251016731609,0.43796950515187827,-0.04362036832188677,-5.417852995108955
1,mmr_expression_practical_ensemble,2,consistent_cross_tissue_mmr@500,sample_gene_z,consistent_cross_tissue_mmr,500,0.5,417,sample_gene_z,CYB5D1,CYB5D1,,0.3049964682985595,0.25395773858561904,0.2907391547142898,-5.417852995108955
1,mmr_expression_practical_ensemble,2,consistent_cross_tissue_mmr@500,sample_gene_z,consistent_cross_tissue_mmr,500,0.5,418,sample_gene_z,BNIP3L,BNIP3L,,0.9398023931497362,0.2803875921327324,0.27543334637555583,-5.417852995108955
1,mmr_expression_practical_ensemble,2,consistent_cross_tissue_mmr@500,sample_gene_z,consistent_cross_tissue_mmr,500,0.5,419,sample_gene_z,LINC00910,LINC00910,,-0.7403313832843333,0.26275689492823645,0.0018524003287379819,-5.417852995108955
1,mmr_expression_practical_ensemble,2,consistent_cross_tissue_mmr@500,sample_gene_z,consistent_cross_tissue_mmr,500,0.5,420,sample_gene_z,CNTFR,CNTFR,,-1.444278988700679,0.7692751534521228,-0.10904530697585996,-5.417852995108955
1,mmr_expression_practical_ensemble,2,consistent_cross_tissue_mmr@500,sample_gene_z,consistent_cross_tissue_mmr,500,0.5,421,sample_gene_z,RAET1K,RAET1K,,-1.5088751849346613,0.43893253527136195,0.26752880961351,-5.417852995108955
1,mmr_expression_practical_ensemble,2,consistent_cross_tissue_mmr@500,sample_gene_z,consistent_cross_tissue_mmr,500,0.5,422,sample_gene_z,KCNJ14,KCNJ14,,-0.7486311082776792,0.29571228818531736,0.18071061772474575,-5.417852995108955
1,mmr_expression_practical_ensemble,2,consistent_cross_tissue_mmr@500,sample_gene_z,consistent_cross_tissue_mmr,500,0.5,423,sample_gene_z,C18orf22,C18orf22,,0.20304136981974819,0.20694590186557435,-0.24950971255334006,-5.417852995108955
1,mmr_expression_practical_ensemble,2,consistent_cross_tissue_mmr@500,sample_gene_z,consistent_cross_tissue_mmr,500,0.5,424,sample_gene_z,TNK1,TNK1,,0.27016890820977046,0.24961519375265753,0.12024825542401457,-5.417852995108955
1,mmr_expression_practical_ensemble,2,consistent_cross_tissue_mmr@500,sample_gene_z,consistent_cross_tissue_mmr,500,0.5,425,sample_gene_z,IGF2,IGF2,,0.8937512296366442,0.9112841948578995,-0.11137629810501237,-5.417852995108955
1,mmr_expression_practical_ensemble,2,consistent_cross_tissue_mmr@500,sample_gene_z,consistent_cross_tissue_mmr,500,0.5,426,sample_gene_z,WDR35,WDR35,,0.22233776613262893,0.2740000273733848,0.1975252179540965,-5.417852995108955
1,mmr_expression_practical_ensemble,2,consistent_cross_tissue_mmr@500,sample_gene_z,consistent_cross_tissue_mmr,500,0.5,427,sample_gene_z,MPV17L,MPV17L,,-0.7625211568227028,0.708442722279486,0.3028791374363879,-5.417852995108955
1,mmr_expression_practical_ensemble,2,consistent_cross_tissue_mmr@500,sample_gene_z,consistent_cross_tissue_mmr,500,0.5,428,sample_gene_z,REEP4,REEP4,,0.6375077974130964,0.23044842461084156,0.06661266761312774,-5.417852995108955
1,mmr_expression_practical_ensemble,2,consistent_cross_tissue_mmr@500,sample_gene_z,consistent_cross_tissue_mmr,500,0.5,429,sample_gene_z,RPL23AP53,RPL23AP53,,-0.23090870771867397,0.28025883294953513,0.06869650232584758,-5.417852995108955
1,mmr_expression_practical_ensemble,2,consistent_cross_tissue_mmr@500,sample_gene_z,consistent_cross_tissue_mmr,500,0.5,430,sample_gene_z,ACOT8,ACOT8,,0.493752720544725,0.22278909369739125,0.07715761878483435,-5.417852995108955
1,mmr_expression_practical_ensemble,2,consistent_cross_tissue_mmr@500,sample_gene_z,consistent_cross_tissue_mmr,500,0.5,431,sample_gene_z,RRN3P1,RRN3P1,,-0.4474766503467578,0.3086657927656997,0.229901715280492,-5.417852995108955
1,mmr_expression_practical_ensemble,2,consistent_cross_tissue_mmr@500,sample_gene_z,consistent_cross_tissue_mmr,500,0.5,432,sample_gene_z,HSF2BP,HSF2BP,,-1.1998569040256877,0.36040884795606215,0.013897301280802892,-5.417852995108955
1,mmr_expression_practical_ensemble,2,consistent_cross_tissue_mmr@500,sample_gene_z,consistent_cross_tissue_mmr,500,0.5,433,sample_gene_z,ATP5A1,ATP5A1,,1.7640461912752519,0.17035511158677252,-0.20873982131611554,-5.417852995108955
1,mmr_expression_practical_ensemble,2,consistent_cross_tissue_mmr@500,sample_gene_z,consistent_cross_tissue_mmr,500,0.5,434,sample_gene_z,NARS,NARS,,1.317059684115259,0.16080264257025226,0.015119611299217375,-5.417852995108955
1,mmr_expression_practical_ensemble,2,consistent_cross_tissue_mmr@500,sample_gene_z,consistent_cross_tissue_mmr,500,0.5,435,sample_gene_z,OXER1,OXER1,,-0.761103776365177,0.46256496672593017,-0.3500687277229706,-5.417852995108955
1,mmr_expression_practical_ensemble,2,consistent_cross_tissue_mmr@500,sample_gene_z,consistent_cross_tissue_mmr,500,0.5,436,sample_gene_z,ZNF642,ZNF642,,-0.4032364033936053,0.22305020527139957,0.010048520421618747,-5.417852995108955
1,mmr_expression_practical_ensemble,2,consistent_cross_tissue_mmr@500,sample_gene_z,consistent_cross_tissue_mmr,500,0.5,437,sample_gene_z,ANKRD37,ANKRD37,,-0.20610274979542378,0.45375274481027,0.22059682486041995,-5.417852995108955
1,mmr_expression_practical_ensemble,2,consistent_cross_tissue_mmr@500,sample_gene_z,consistent_cross_tissue_mmr,500,0.5,438,sample_gene_z,PPT2,PPT2,,0.3353459411252412,0.14632892023171043,0.2120851033283079,-5.417852995108955
1,mmr_expression_practical_ensemble,2,consistent_cross_tissue_mmr@500,sample_gene_z,consistent_cross_tissue_mmr,500,0.5,439,sample_gene_z,DIS3L,DIS3L,,0.47808673764196075,0.17518604121074252,-0.1289421675514185,-5.417852995108955
1,mmr_expression_practical_ensemble,2,consistent_cross_tissue_mmr@500,sample_gene_z,consistent_cross_tissue_mmr,500,0.5,440,sample_gene_z,PRTFDC1,PRTFDC1,,-0.08027866007685751,0.3653667309974261,-0.11619138036572393,-5.417852995108955
1,mmr_expression_practical_ensemble,2,consistent_cross_tissue_mmr@500,sample_gene_z,consistent_cross_tissue_mmr,500,0.5,441,sample_gene_z,SPATA5L1,SPATA5L1,,0.12045040517319627,0.20158877159228153,-0.23379857688413025,-5.417852995108955
1,mmr_expression_practical_ensemble,2,consistent_cross_tissue_mmr@500,sample_gene_z,consistent_cross_tissue_mmr,500,0.5,442,sample_gene_z,HUNK,HUNK,,0.08130521990630231,0.621433218916428,-0.19577749553711002,-5.417852995108955
1,mmr_expression_practical_ensemble,2,consistent_cross_tissue_mmr@500,sample_gene_z,consistent_cross_tissue_mmr,500,0.5,443,sample_gene_z,IL34,IL34,,-0.5206300744678736,0.3718453868412925,-0.06483568700474153,-5.417852995108955
1,mmr_expression_practical_ensemble,2,consistent_cross_tissue_mmr@500,sample_gene_z,consistent_cross_tissue_mmr,500,0.5,444,sample_gene_z,TIFA,TIFA,,0.15624126286448464,0.2536886009997268,-0.48189107214780497,-5.417852995108955
1,mmr_expression_practical_ensemble,2,consistent_cross_tissue_mmr@500,sample_gene_z,consistent_cross_tissue_mmr,500,0.5,445,sample_gene_z,RNF212,RNF212,,-1.3452009235548226,0.636196232938093,-0.057645579007967525,-5.417852995108955
1,mmr_expression_practical_ensemble,2,consistent_cross_tissue_mmr@500,sample_gene_z,consistent_cross_tissue_mmr,500,0.5,446,sample_gene_z,WHSC1,WHSC1,,1.1222617942412652,0.18368967178040407,-0.0007772330379792192,-5.417852995108955
1,mmr_expression_practical_ensemble,2,consistent_cross_tissue_mmr@500,sample_gene_z,consistent_cross_tissue_mmr,500,0.5,447,sample_gene_z,NQO2,NQO2,,0.3017672955523128,0.26511347717205797,-0.11614624214950663,-5.417852995108955
1,mmr_expression_practical_ensemble,2,consistent_cross_tissue_mmr@500,sample_gene_z,consistent_cross_tissue_mmr,500,0.5,448,sample_gene_z,PLAGL1,PLAGL1,,0.23236821234994418,0.39305585892621153,0.4321136548815994,-5.417852995108955
1,mmr_expression_practical_ensemble,2,consistent_cross_tissue_mmr@500,sample_gene_z,consistent_cross_tissue_mmr,500,0.5,449,sample_gene_z,HIST1H3G,HIST1H3G,,-1.621846018067127,0.5250508684123406,-0.21945975285508984,-5.417852995108955
1,mmr_expression_practical_ensemble,2,consistent_cross_tissue_mmr@500,sample_gene_z,consistent_cross_tissue_mmr,500,0.5,450,sample_gene_z,ZNF334,ZNF334,,-1.2573097206922559,0.6811676829728024,-0.14165383892254851,-5.417852995108955
1,mmr_expression_practical_ensemble,2,consistent_cross_tissue_mmr@500,sample_gene_z,consistent_cross_tissue_mmr,500,0.5,451,sample_gene_z,LMNB1,LMNB1,,0.9797643325891381,0.2423239431555602,-0.1283003572052554,-5.417852995108955
1,mmr_expression_practical_ensemble,2,consistent_cross_tissue_mmr@500,sample_gene_z,consistent_cross_tissue_mmr,500,0.5,452,sample_gene_z,ATF6B,ATF6B,,1.1776262162204183,0.16437319498741304,-0.24020655947797842,-5.417852995108955
1,mmr_expression_practical_ensemble,2,consistent_cross_tissue_mmr@500,sample_gene_z,consistent_cross_tissue_mmr,500,0.5,453,sample_gene_z,B3GNT4,B3GNT4,,-1.201926973620315,0.5428669321536427,0.2864330189314363,-5.417852995108955
1,mmr_expression_practical_ensemble,2,consistent_cross_tissue_mmr@500,sample_gene_z,consistent_cross_tissue_mmr,500,0.5,454,sample_gene_z,TBC1D25,TBC1D25,,0.2905125265779699,0.15778555322026216,-0.05188443082869876,-5.417852995108955
1,mmr_expression_practical_ensemble,2,consistent_cross_tissue_mmr@500,sample_gene_z,consistent_cross_tissue_mmr,500,0.5,455,sample_gene_z,FAM18B,FAM18B,,0.5223693409234332,0.2631731366527484,0.06504535961141145,-5.417852995108955
1,mmr_expression_practical_ensemble,2,consistent_cross_tissue_mmr@500,sample_gene_z,consistent_cross_tissue_mmr,500,0.5,456,sample_gene_z,SS18L1,SS18L1,,0.45767032079191755,0.18744114305836296,-0.06904901946640306,-5.417852995108955
1,mmr_expression_practical_ensemble,2,consistent_cross_tissue_mmr@500,sample_gene_z,consistent_cross_tissue_mmr,500,0.5,457,sample_gene_z,ICMT,ICMT,,1.1542647284175889,0.144743460405271,0.24265950915028495,-5.417852995108955
1,mmr_expression_practical_ensemble,2,consistent_cross_tissue_mmr@500,sample_gene_z,consistent_cross_tissue_mmr,500,0.5,458,sample_gene_z,TEAD1,TEAD1,,0.8813134806617366,0.23977221546209904,-0.06287435989274243,-5.417852995108955
1,mmr_expression_practical_ensemble,2,consistent_cross_tissue_mmr@500,sample_gene_z,consistent_cross_tissue_mmr,500,0.5,459,sample_gene_z,MCPH1,MCPH1,,0.3177526452382323,0.22090830572767897,0.08333219284805403,-5.417852995108955
1,mmr_expression_practical_ensemble,2,consistent_cross_tissue_mmr@500,sample_gene_z,consistent_cross_tissue_mmr,500,0.5,460,sample_gene_z,SLC25A13,SLC25A13,,0.692634155799372,0.1844697600987438,-0.0782364482781389,-5.417852995108955
1,mmr_expression_practical_ensemble,2,consistent_cross_tissue_mmr@500,sample_gene_z,consistent_cross_tissue_mmr,500,0.5,461,sample_gene_z,SLC7A11,SLC7A11,,0.28524759760966906,0.4660935836293155,-0.132901859930081,-5.417852995108955
1,mmr_expression_practical_ensemble,2,consistent_cross_tissue_mmr@500,sample_gene_z,consistent_cross_tissue_mmr,500,0.5,462,sample_gene_z,ATP8A2,ATP8A2,,-1.8438969260835048,0.3857001374157027,-0.29745758008672296,-5.417852995108955
1,mmr_expression_practical_ensemble,2,consistent_cross_tissue_mmr@500,sample_gene_z,consistent_cross_tissue_mmr,500,0.5,463,sample_gene_z,ZNF302,ZNF302,,0.25301897029801146,0.2754767521941766,-0.14888122874077056,-5.417852995108955
1,mmr_expression_practical_ensemble,2,consistent_cross_tissue_mmr@500,sample_gene_z,consistent_cross_tissue_mmr,500,0.5,464,sample_gene_z,FBXO25,FBXO25,,0.36997624669828644,0.21636906173312878,0.3463211271846261,-5.417852995108955
1,mmr_expression_practical_ensemble,2,consistent_cross_tissue_mmr@500,sample_gene_z,consistent_cross_tissue_mmr,500,0.5,465,sample_gene_z,XRCC6,XRCC6,,1.6277286454228528,0.11741259708221183,0.3208439287210043,-5.417852995108955
1,mmr_expression_practical_ensemble,2,consistent_cross_tissue_mmr@500,sample_gene_z,consistent_cross_tissue_mmr,500,0.5,466,sample_gene_z,MAP2K4,MAP2K4,,0.5031816434089944,0.19626228520041294,0.2532148784568289,-5.417852995108955
1,mmr_expression_practical_ensemble,2,consistent_cross_tissue_mmr@500,sample_gene_z,consistent_cross_tissue_mmr,500,0.5,467,sample_gene_z,NINJ2,NINJ2,,-0.5601307118001283,0.3302240073746991,0.067305283063482,-5.417852995108955
1,mmr_expression_practical_ensemble,2,consistent_cross_tissue_mmr@500,sample_gene_z,consistent_cross_tissue_mmr,500,0.5,468,sample_gene_z,CACYBP,CACYBP,,1.0619579722491208,0.18484859718335395,0.18940471187054495,-5.417852995108955
1,mmr_expression_practical_ensemble,2,consistent_cross_tissue_mmr@500,sample_gene_z,consistent_cross_tissue_mmr,500,0.5,469,sample_gene_z,DDAH1,DDAH1,,1.1847329493646364,0.2740679415444904,0.5437091172341239,-5.417852995108955
1,mmr_expression_practical_ensemble,2,consistent_cross_tissue_mmr@500,sample_gene_z,consistent_cross_tissue_mmr,500,0.5,470,sample_gene_z,FH,FH,,0.9858437868151668,0.16661052037296428,0.001993989151929501,-5.417852995108955
1,mmr_expression_practical_ensemble,2,consistent_cross_tissue_mmr@500,sample_gene_z,consistent_cross_tissue_mmr,500,0.5,471,sample_gene_z,OVCA2,OVCA2,,0.5266176713099369,0.2109538094607085,0.1996286657459414,-5.417852995108955
1,mmr_expression_practical_ensemble,2,consistent_cross_tissue_mmr@500,sample_gene_z,consistent_cross_tissue_mmr,500,0.5,472,sample_gene_z,MBD2,MBD2,,0.8750035808019561,0.18427177074843243,0.054873717346412124,-5.417852995108955
1,mmr_expression_practical_ensemble,2,consistent_cross_tissue_mmr@500,sample_gene_z,consistent_cross_tissue_mmr,500,0.5,473,sample_gene_z,CCDC109B,CCDC109B,,0.012941487448911528,0.3386052603437404,-0.4197586720787746,-5.417852995108955
1,mmr_expression_practical_ensemble,2,consistent_cross_tissue_mmr@500,sample_gene_z,consistent_cross_tissue_mmr,500,0.5,474,sample_gene_z,PSME2,PSME2,,1.2501256740153213,0.24457700540339183,-0.20721653661874115,-5.417852995108955
1,mmr_expression_practical_ensemble,2,consistent_cross_tissue_mmr@500,sample_gene_z,consistent_cross_tissue_mmr,500,0.5,475,sample_gene_z,STS,STS,,0.35452191409549316,0.3369494831810385,0.1272964463151587,-5.417852995108955
1,mmr_expression_practical_ensemble,2,consistent_cross_tissue_mmr@500,sample_gene_z,consistent_cross_tissue_mmr,500,0.5,476,sample_gene_z,ANKRD32,ANKRD32,,-0.12624415291809118,0.23427957470367447,0.46289706921239826,-5.417852995108955
1,mmr_expression_practical_ensemble,2,consistent_cross_tissue_mmr@500,sample_gene_z,consistent_cross_tissue_mmr,500,0.5,477,sample_gene_z,ALPK3,ALPK3,,0.11033599898397008,0.5829171364909139,-0.07168533899301108,-5.417852995108955
1,mmr_expression_practical_ensemble,2,consistent_cross_tissue_mmr@500,sample_gene_z,consistent_cross_tissue_mmr,500,0.5,478,sample_gene_z,RNF113A,RNF113A,,0.29067293284340795,0.1824659485152802,-0.15030110436140054,-5.417852995108955
1,mmr_expression_practical_ensemble,2,consistent_cross_tissue_mmr@500,sample_gene_z,consistent_cross_tissue_mmr,500,0.5,479,sample_gene_z,EXOC3,EXOC3,,0.8093292992487157,0.15075652903932435,-0.005260635234826929,-5.417852995108955
1,mmr_expression_practical_ensemble,2,consistent_cross_tissue_mmr@500,sample_gene_z,consistent_cross_tissue_mmr,500,0.5,480,sample_gene_z,CSRP2BP,CSRP2BP,,0.622990562892656,0.16798989371209336,-0.014198545121309532,-5.417852995108955
1,mmr_expression_practical_ensemble,2,consistent_cross_tissue_mmr@500,sample_gene_z,consistent_cross_tissue_mmr,500,0.5,481,sample_gene_z,TNFAIP8L3,TNFAIP8L3,,-0.7380926541425038,0.46362976569499437,-0.47116888463567097,-5.417852995108955
1,mmr_expression_practical_ensemble,2,consistent_cross_tissue_mmr@500,sample_gene_z,consistent_cross_tissue_mmr,500,0.5,482,sample_gene_z,MRPS27,MRPS27,,0.9367862108605662,0.17841401197470763,0.11523184419168456,-5.417852995108955
1,mmr_expression_practical_ensemble,2,consistent_cross_tissue_mmr@500,sample_gene_z,consistent_cross_tissue_mmr,500,0.5,483,sample_gene_z,FCER1A,FCER1A,,-1.3883242178497066,0.5739118017697594,-0.19328039118192242,-5.417852995108955
1,mmr_expression_practical_ensemble,2,consistent_cross_tissue_mmr@500,sample_gene_z,consistent_cross_tissue_mmr,500,0.5,484,sample_gene_z,IP6K3,IP6K3,,-1.6130845518111339,0.4303016314490437,-0.3359186684251326,-5.417852995108955
1,mmr_expression_practical_ensemble,2,consistent_cross_tissue_mmr@500,sample_gene_z,consistent_cross_tissue_mmr,500,0.5,485,sample_gene_z,EPDR1,EPDR1,,0.27873781996707003,0.4781977166831811,-0.03447434440112461,-5.417852995108955
1,mmr_expression_practical_ensemble,2,consistent_cross_tissue_mmr@500,sample_gene_z,consistent_cross_tissue_mmr,500,0.5,486,sample_gene_z,ZFP41,ZFP41,,0.23634850624345594,0.22849117920668707,0.10497542535396615,-5.417852995108955
1,mmr_expression_practical_ensemble,2,consistent_cross_tissue_mmr@500,sample_gene_z,consistent_cross_tissue_mmr,500,0.5,487,sample_gene_z,HS3ST1,HS3ST1,,0.1485454643109401,0.42202141683595995,0.07070351893481366,-5.417852995108955
1,mmr_expression_practical_ensemble,2,consistent_cross_tissue_mmr@500,sample_gene_z,consistent_cross_tissue_mmr,500,0.5,488,sample_gene_z,ASPHD2,ASPHD2,,-0.09563432700849687,0.37687935742518325,0.4066919282961387,-5.417852995108955
1,mmr_expression_practical_ensemble,2,consistent_cross_tissue_mmr@500,sample_gene_z,consistent_cross_tissue_mmr,500,0.5,489,sample_gene_z,PSMA4,PSMA4,,1.2299457322243474,0.17083238465247105,0.40599678609530254,-5.417852995108955
1,mmr_expression_practical_ensemble,2,consistent_cross_tissue_mmr@500,sample_gene_z,consistent_cross_tissue_mmr,500,0.5,490,sample_gene_z,KIT,KIT,,-0.26761806284148054,0.5153565402509132,-0.2943556425851427,-5.417852995108955
1,mmr_expression_practical_ensemble,2,consistent_cross_tissue_mmr@500,sample_gene_z,consistent_cross_tissue_mmr,500,0.5,491,sample_gene_z,TAF1B,TAF1B,,0.05627531245402294,0.2065167078993777,-0.6442775926029538,-5.417852995108955
1,mmr_expression_practical_ensemble,2,consistent_cross_tissue_mmr@500,sample_gene_z,consistent_cross_tissue_mmr,500,0.5,492,sample_gene_z,F7,F7,,-1.4539193880022048,0.657118974136433,0.02135177946579226,-5.417852995108955
1,mmr_expression_practical_ensemble,2,consistent_cross_tissue_mmr@500,sample_gene_z,consistent_cross_tissue_mmr,500,0.5,493,sample_gene_z,ABCA13,ABCA13,,-1.0255436397108273,0.6245080131651357,0.0007786093317205759,-5.417852995108955
1,mmr_expression_practical_ensemble,2,consistent_cross_tissue_mmr@500,sample_gene_z,consistent_cross_tissue_mmr,500,0.5,494,sample_gene_z,ERP27,ERP27,,-0.5264635289251941,0.6630719443924702,0.2722339392764615,-5.417852995108955
1,mmr_expression_practical_ensemble,2,consistent_cross_tissue_mmr@500,sample_gene_z,consistent_cross_tissue_mmr,500,0.5,495,sample_gene_z,MYT1,MYT1,,-1.6222746027280344,0.638715899246778,-0.13847628355694871,-5.417852995108955
1,mmr_expression_practical_ensemble,2,consistent_cross_tissue_mmr@500,sample_gene_z,consistent_cross_tissue_mmr,500,0.5,496,sample_gene_z,GBP5,GBP5,,-0.035972503162693764,0.571638704405071,-0.2301006746455879,-5.417852995108955
1,mmr_expression_practical_ensemble,2,consistent_cross_tissue_mmr@500,sample_gene_z,consistent_cross_tissue_mmr,500,0.5,497,sample_gene_z,ANKS1A,ANKS1A,,0.8378253490213996,0.17456691935913665,-0.07571186464164222,-5.417852995108955
1,mmr_expression_practical_ensemble,2,consistent_cross_tissue_mmr@500,sample_gene_z,consistent_cross_tissue_mmr,500,0.5,498,sample_gene_z,BMP7,BMP7,,0.06863941043203697,0.8570067166045497,0.24217168639934897,-5.417852995108955
1,mmr_expression_practical_ensemble,2,consistent_cross_tissue_mmr@500,sample_gene_z,consistent_cross_tissue_mmr,500,0.5,499,sample_gene_z,PXMP4,PXMP4,,0.388413978905058,0.3078802658842761,-0.03688428070470317,-5.417852995108955
1,mmr_expression_practical_ensemble,2,consistent_cross_tissue_mmr@500,sample_gene_z,consistent_cross_tissue_mmr,500,0.5,500,tissue_onehot,tissue:CRC,,CRC,0.4199134199134199,0.49354446576781863,-0.35747835315706034,-5.417852995108955
1,mmr_expression_practical_ensemble,2,consistent_cross_tissue_mmr@500,sample_gene_z,consistent_cross_tissue_mmr,500,0.5,501,tissue_onehot,tissue:STAD,,STAD,0.24963924963924963,0.4328042221129587,0.21570076138771238,-5.417852995108955
1,mmr_expression_practical_ensemble,2,consistent_cross_tissue_mmr@500,sample_gene_z,consistent_cross_tissue_mmr,500,0.5,502,tissue_onehot,tissue:UCEC,,UCEC,0.33044733044733043,0.47037420448783496,0.1766152603570907,-5.417852995108955
